,AT,BE,BG,CH,CZ,DE,DK,EE,ES,FI,FR,UK,EL,HR,HU,IE,IT,LT,LU,LV,ME,MK,NL,NO,PL,PT,RO,RS,SE,SI,SK
0,0.7531491110266554,0.8513269605476838,0.8798787390965674,0.8456780351727146,0.8226284393719349,0.7539287262876238,0.7399034899520824,0.7551377322957883,0.8429223429781411,0.888188582096097,0.8738764359881749,0.7858667607979466,0.8200202602836315,0.7915327404439297,0.8063071017557696,0.8865453440223693,0.7381583807006814,0.7139855470361824,0.8166332036731034,0.6946443468630428,0.9206814490486404,0.9536537038062035,0.770728707264081,0.883906162537529,0.7733546590459303,0.8814793374221657,0.7911874882275125,0.917298640075688,0.8358763351400151,0.7824008614753091,0.859613153007272
1,0.720571601701292,0.8128042385417853,0.8156840826113896,0.8432662655554852,0.8204689654988208,0.7273013858728334,0.7106567106543714,0.7345790585138422,0.7784791948888268,0.8668846749394967,0.8599997772420668,0.7420321254013609,0.792768789848991,0.7445521482774391,0.770461759543153,0.8174042695573697,0.6948292939464908,0.6941041294935552,0.7934192048180391,0.6787988828638255,0.8317935385172088,0.861554235688333,0.7302440725312128,0.8628401543544836,0.7469186218474121,0.8148377890313995,0.775529790445112,0.8298819552232013,0.8199997442841984,0.7649304676730286,0.8245338435825693
2,0.7065422203974613,0.7838918592939962,0.7842690241894804,0.8340061930640893,0.8090125082081089,0.7167970801503554,0.6996523555286258,0.7259722934011659,0.7403645523923545,0.8579932119203487,0.8222509998682289,0.7294633649725366,0.7679462236766688,0.7223434463038214,0.7332553425093398,0.7530430944609864,0.6733572079694503,0.686827806459004,0.7788453378928043,0.6709993447134344,0.7814422015614424,0.8015081233734288,0.7134962712670049,0.8544702757878159,0.735086855502272,0.7640855430899528,0.769923523361137,0.7667544374533926,0.8140702121925635,0.7628986706880627,0.8051142891331886
3,0.6969109107305255,0.771951984773228,0.7713093370896518,0.8301383893306499,0.80090631004624,0.7225309045997635,0.7025003610341527,0.7277031330519395,0.7236950120456568,0.8597588522987725,0.7909186449599964,0.7141498123726562,0.7551704962398751,0.711211888905328,0.7209357902431037,0.7104510548674986,0.6660942513670137,0.6900441911211046,0.7723959143178726,0.6800617677002451,0.7545094813722002,0.7711406793731748,0.7096941076561628,0.8545569181618273,0.7343888413496249,0.7403611413564503,0.7763519660511872,0.7352337949527178,0.8145712511830676,0.7574019537856521,0.8042814919476099
4,0.7323227313716414,0.7813431885588386,0.7734427974549979,0.8222459802933662,0.8186208368148116,0.7487874038583227,0.7157631720260397,0.7557904874052943,0.7206828817236868,0.8886344158621348,0.8009096886997826,0.6995836333344001,0.7680836911636497,0.7222940924799535,0.7417933908686238,0.6892914096444672,0.675146131485853,0.728769787513358,0.784792270722934,0.7326751886015992,0.7431065848954715,0.7630716042935268,0.7168033465441536,0.8623603893581422,0.7419431058364735,0.7289201224406284,0.7997103506132955,0.7281431444175603,0.8228621463549723,0.768357885693234,0.8236433824193928
5,0.8419052699135442,0.8249359010952811,0.8040496984542379,0.8593425728139549,0.897890430311651,0.8077549903080168,0.7698227250954923,0.8600228550789232,0.7408272348811749,0.9751511455061475,0.8605897188525192,0.6942519564363087,0.8229365674010054,0.7589260054796024,0.8095582992042591,0.6850331629108098,0.7164260298450651,0.8706410305884474,0.8175647872185682,0.877406070628234,0.7599196906500862,0.7815779433386875,0.7459186941040089,0.8879676235027476,0.7754673478776083,0.7294395975957678,0.8627536720256019,0.7607726966498688,0.8610396727699914,0.815182043293517,0.8654417339464363
6,0.9918039181863981,0.9224022326877394,0.8856949299815433,0.9147289867133329,1.0112950120185489,0.9425729953752718,0.9144099422832814,0.9942776706072565,0.8221492751123941,1.037399495872446,0.95826641957576,0.7356656441435663,0.9237340345765725,0.8795147081854956,0.9615672890101581,0.6959704065583694,0.8329245832098081,1.0088023243662496,0.8953319073476829,1.0166001354362455,0.8445046142497297,0.8420567326178705,0.8394787567490768,0.9649071361529982,0.9021140494469306,0.7460056753225752,0.9718521199824239,0.866542423011916,0.9569088930006142,0.9719929991288156,0.9763391063726405
7,1.092487857734081,1.0130221063064122,0.979886866287232,1.0050719611620673,1.064500450428935,1.0518804963083062,1.0785625776646648,1.1053178769099428,0.9372151342527519,1.0631386802252836,1.033067948505651,0.8703727257996007,0.9927845590964697,1.0065990915306722,1.0428006534312892,0.7648867977368601,0.9760593298545925,1.116642038655123,1.0011008324785982,1.1319827459733889,0.9576490674778593,0.9076326268409534,0.9885991581105765,1.0613428720085845,1.0156142427818484,0.7949851381178152,1.047767861711729,0.9892762930067674,1.0537469325483055,1.0837395607445102,1.0379803604638982
8,1.1367937946186415,1.0602311126097543,1.0450325605751787,1.0825462295925277,1.0858089081563858,1.1057868686253491,1.1500493677071664,1.1526173827133945,1.0337267380285033,1.0705602604420927,1.0702884098411707,1.0230422836654804,1.0504253265123762,1.0815946627894883,1.0695668367374302,0.9147777293721169,1.1081331977013817,1.1679820298904424,1.0639886981530948,1.18715979695446,1.0306524439844371,0.9812599299040816,1.098770432826318,1.0927296349120508,1.0806549217688,0.8986078143348379,1.0878309443085332,1.0549189195188522,1.0924221701828098,1.1196791893606353,1.0729040612096454
9,1.1551256268189267,1.0938639499483147,1.0757913736037286,1.1083919608193404,1.09748235421551,1.1258695737605613,1.16853168866013,1.1608958181102913,1.0918193222795356,1.0695922620939036,1.0919923529513247,1.095494208836845,1.0612927816198696,1.1095676978653934,1.0909277728713236,1.0311629562563058,1.1668275979938538,1.1824732930957387,1.0868728714551408,1.196361332845724,1.065512773802471,1.0229983220851262,1.1469473243721655,1.0902978448704148,1.1104609384785267,1.045087805128871,1.09658839885492,1.0819481289850748,1.1020482373133116,1.1112434166792522,1.086424748837997
10,1.1760397262292919,1.109168480702959,1.0705239718596822,1.1301485784100749,1.1003411263046792,1.1504987074762032,1.18892639584631,1.1571425680173935,1.1308236429119805,1.0680891035410207,1.098880565153513,1.1322355143259812,1.0688985385057042,1.1073776690469976,1.1035247882189196,1.1004224137385754,1.1808768149184243,1.1803372682275808,1.1073872073959272,1.1694420354792712,1.074983590484794,1.0359221451347274,1.1634149970943333,1.0861609878076586,1.1151983533217138,1.1082160386375366,1.092262810634107,1.0815164503914172,1.1097793513694116,1.1030452237158308,1.0790891224315506
11,1.1856456564922433,1.1276141724019242,1.0672593028811732,1.1492503739987867,1.1057005795486932,1.1737263769437773,1.1841743285497304,1.1414142407124728,1.145151748406618,1.0657681909327257,1.1119842637188881,1.143891513429551,1.0797116793332906,1.128556062703121,1.112101291910804,1.1325306381419469,1.18410263099206,1.1649631585788613,1.1308360122573604,1.1594088966164902,1.074272253748951,1.0408682068894863,1.1745696154145946,1.0764871340519344,1.1283011337686588,1.1375620836091163,1.0900898015082185,1.0812817566311548,1.1085118609307596,1.1187654065970827,1.0817070937493727
12,1.1501671006383947,1.1082067240980547,1.058846480061996,1.121341851014203,1.1069252414698239,1.1646474453104283,1.161977616273589,1.16073651213156,1.1517741087863858,1.0573250873846924,1.114195150731093,1.150317048948932,1.0834635380261486,1.1293769848844613,1.1199205675302244,1.1511182706442806,1.1318246605972622,1.174412711967283,1.1192650300629485,1.17245433127782,1.0720917040644131,1.0437769660325726,1.1655208186009725,1.0667489066570024,1.1301091543215362,1.1605907463147511,1.0959475188706405,1.0750847618495225,1.1008569423761885,1.120486138929537,1.0860318395499313
13,1.1420669540963169,1.1027844780050686,1.0633364379217913,1.1007670754328989,1.0977050119713814,1.1513381789492247,1.162961036780551,1.1507755342991899,1.1509611508833117,1.0480090906196298,1.0890288849898297,1.1496532373077344,1.0483031486706913,1.1046475111135106,1.1101704456619672,1.1658963360298638,1.1241011679826434,1.1649394164477054,1.1074454030969354,1.1622388027387847,1.065975020665765,1.0957534139373655,1.1710945154622237,1.0622617687271811,1.1331641595776294,1.1122742636741088,1.0839745787684774,1.0625341914754936,1.0930033125852379,1.1030574490806166,1.085821954582198
14,1.1285185641555788,1.0905408142827167,1.0528480830982307,1.0980483825294813,1.0933521671945239,1.131618917358243,1.1433180845347366,1.1471562941136275,1.1129469351559826,1.0437740036697896,1.0624298661639204,1.1368925249767012,1.0274255870238738,1.0738103498098854,1.105721300015766,1.1484610581120442,1.1485451839670002,1.152045045743461,1.0959833415795621,1.160533154056989,1.0572292106525383,1.1026789712887215,1.1619219056285908,1.0607267319465317,1.1145494263782665,1.1266471939894773,1.067393640078634,1.0432289321202102,1.0867778141001647,1.083127798373247,1.0757163084916763
15,1.1188647955549011,1.0832775811519983,1.0537783548392818,1.080395775850367,1.0953646251669196,1.1153559320983262,1.107946658433187,1.134805150625281,1.0911256399801974,1.0400940159501093,1.0366596798481096,1.129360087204903,1.0354745856294116,1.0472119318120492,1.1066198677282986,1.1356140360935387,1.1573351195576038,1.1364055462567715,1.089841046417271,1.1512332115226982,1.0551503190486857,1.0779869489609795,1.1519906102005524,1.054626845676334,1.1023121202987474,1.1404182809362187,1.0638221517102202,1.038541029806269,1.0867115759648163,1.0687989800330584,1.0661820747661592
16,1.121738081516778,1.0795471274814017,1.061252183702802,1.0714233927961354,1.0842576425875885,1.0994747538703795,1.1142320964707115,1.1185989543660853,1.086415518324166,1.0401651570334687,1.0231529195951532,1.1373388349657119,1.0740321208076389,1.060783093662614,1.1114749281228178,1.1441411497862288,1.1682690696516818,1.1253327854259734,1.0949986040473794,1.1514294035351604,1.0681541609072083,1.0632225266535074,1.1546588349959932,1.0545706250655793,1.108397526241502,1.1313887448516375,1.0841134186575316,1.0603280596711337,1.0817443269810951,1.081155319569591,1.0679737416082946
17,1.1367705228160154,1.1042385357541282,1.0829797195877038,1.0604000421007056,1.078757213627965,1.1124262947173007,1.191247764981952,1.1110257344728514,1.095215252624689,1.0376828794806685,1.044099026058134,1.1812909895642907,1.1404720067862055,1.102195568469848,1.1074479188830644,1.180362239652291,1.1728392206921772,1.1244130120729368,1.108133186777717,1.1440035510329405,1.0956821447130327,1.0805029475088106,1.169936968026466,1.0493576464371808,1.1152913432367295,1.125161952848077,1.103367621573399,1.0863859088404995,1.086448114094516,1.0928382931511167,1.0737440188496692
18,1.128598514984942,1.1109155620468638,1.1284504231644656,1.069708976266145,1.0767787206409305,1.1205345654786878,1.1695073135097602,1.093546078139944,1.1111019263050255,1.0447262895649594,1.094900166179435,1.2069932758771877,1.1922051796429227,1.1318848905943655,1.1048006997328912,1.2309475752664436,1.1637036469592863,1.117164493336534,1.1216519415518365,1.1283009594731368,1.1294089028850272,1.1007863509798044,1.1325098116652508,1.0461423099498368,1.1222719200388818,1.1259329554467732,1.1238531375188077,1.1182425300727987,1.0787287298817334,1.1194927545949356,1.076341380872956
19,1.0874833976970932,1.0864086538603162,1.1586067800429145,1.0520710959640378,1.0789963550151611,1.1131243591488076,1.1106987715740384,1.0718019033078114,1.1278003918146746,1.0407033577231577,1.079909769744927,1.1958622758129902,1.2350907853848978,1.1718215877790426,1.1152661253965572,1.223834845557722,1.1643573352007173,1.1041895033456932,1.118301234162885,1.1105560041510436,1.1536301444492012,1.1299695477008025,1.1123428601150527,1.043680537332409,1.1407941267916066,1.1460111707674212,1.1434488942568937,1.154267288723497,1.067301304457013,1.1405193881533466,1.089578121565462
20,1.0340174367294017,1.0487700934419442,1.1477359649554146,1.0150927559937912,1.051593332737494,1.0702110525882593,1.0509239832336315,1.0398365111187482,1.145748536507358,1.0055756202187427,1.0318036935079336,1.162589855427397,1.207746135808968,1.1836686231797398,1.1105496130963293,1.184511347796431,1.1474460076154371,1.0655402012970256,1.0783555833340468,1.0544161909001892,1.1714862047656758,1.1468920653679622,1.0748891798480504,1.0357778860891405,1.1392059680411306,1.1715722066886982,1.1347000321401184,1.1789901733051888,1.0471236657641205,1.1166320376404888,1.0872478228011395
21,0.9647627189687694,1.0129447555184907,1.1245206922442395,0.999365723850912,0.9915531293809273,1.0256298403426527,0.9979488179908133,0.9770499061288472,1.1496279963744327,1.004169285923561,0.9926734214726557,1.115967057076904,1.103372260095138,1.1660170279039435,1.0716675325795606,1.1404317551725522,1.0954536262881462,0.9708675510222912,1.0356736017961097,0.9529216353011654,1.1528411070995777,1.127615982453241,1.0333855223631936,1.0191932753561246,1.0902959491589057,1.1665964661395143,1.0617672677823469,1.1631809989708182,1.0133767575259625,1.0451655746964348,1.0406503212309137
22,0.9367030239875671,1.0244444763295821,1.0977342157859842,0.9789371851881323,0.9284187940064105,0.9752458982852037,0.926925649371431,0.8949616583162687,1.0824455620758044,0.987230937903298,1.0433387697600076,1.0460159092428467,1.0200853170274575,1.1008990321085443,1.0122695346076636,1.0963213324812466,1.000194452569944,0.8657771486069454,1.0148899270392746,0.8489620103690978,1.101405490060101,1.1582130813021265,0.9716910638999585,0.9884150849976732,1.0119751709158034,1.1375037165965944,0.9688035401669848,1.1027522036994206,0.9619284792138645,0.9712015748226946,0.990127170868297
23,0.8610104636335436,0.9953650105615225,1.0170879805103175,0.9276322160868058,0.8816418452765602,0.8929572522861062,0.8393590918435544,0.8288346461620856,0.9869799012663529,0.9393853987974577,1.01478342659173,0.942662977545242,0.9285563868385469,0.9636131846707583,0.961291150340688,1.0168407761396845,0.9129950589334297,0.7933399794517374,0.966292852402912,0.7674102009650179,1.037917900895486,1.109356944468511,0.9013924252600114,0.940471248258824,0.9321300639734659,1.066314215659616,0.9069594707521713,1.0228952811475414,0.9041621697852711,0.8978870121200064,0.9435128577117337
24,0.7960971206974338,0.8942356950458952,0.9009988794951079,0.8810285477603498,0.8446444526604026,0.8067754778655851,0.7622247349729003,0.7825185608684294,0.882968968089977,0.8982792061992757,0.9013642590032818,0.8143729089031662,0.8345139197139418,0.8209104049473614,0.8643468992571242,0.9099123374699724,0.797284060837481,0.7437815213907074,0.870827420673444,0.7192686178394065,0.9366298377023337,0.9802612849186892,0.806687602543269,0.8944541662979386,0.8396491694981524,0.9305019578611289,0.8440302385028262,0.9301948670311856,0.8590071357975351,0.8293132870718166,0.8867283749509891
25,0.7587644297695546,0.8467766570265767,0.8341170686736922,0.8826394006780168,0.8389134252513437,0.7757803010265838,0.7287237528543705,0.7606062495390813,0.8182500414694175,0.8754541051845591,0.8884093627551719,0.7659488743883605,0.8089903090343574,0.7652306439267017,0.816415920839082,0.8267083460714191,0.7507224425271557,0.723058610871333,0.8449695152050735,0.7006065489987895,0.8473456351879252,0.8815670354469449,0.7567992362499397,0.8714263612595695,0.8056085599800429,0.8574027312935092,0.8265645958513983,0.8442568394898402,0.8379102794556783,0.8028623275105051,0.8517100813673529
26,0.7419755064812485,0.8155813118033153,0.8036099760286843,0.8701779521093561,0.8264369019016123,0.7606956576874953,0.715637676175286,0.7501746617056386,0.7790174608896334,0.8658050388175339,0.8503451280864962,0.7505674392725534,0.7840053343952061,0.7412682343990158,0.7722909522475321,0.7604099976043867,0.7256359716317413,0.7152848357850975,0.8288828840259908,0.6908962980844989,0.7945697832973706,0.817430462802399,0.7336976569963489,0.8610053921885393,0.7891388733326484,0.8061024905978188,0.8196522567491146,0.78311002740342,0.8288490698816284,0.7917586447145072,0.8316832824100585
27,0.7288011727793876,0.802543276911098,0.7909300788444559,0.8594261332668737,0.8174479604857887,0.7644354073580405,0.7162945333320495,0.7490797968967944,0.7611363219445288,0.8661489512199764,0.8180676858679751,0.7336993542629786,0.7713348932228555,0.7301748593900859,0.7587554977107009,0.7180106586856646,0.7154054632503906,0.7164411985455613,0.8211667464998429,0.7023982823579167,0.7658577770128056,0.7845912507985874,0.7254625029193091,0.8604815695890875,0.7883051963577438,0.7787260447832276,0.8250214546945749,0.7518054280084507,0.8267122210597102,0.7909047507845794,0.8307170121124645
28,0.758012730550917,0.8074161030744073,0.7922147001083923,0.8379286179174312,0.8340566686735321,0.7844970867415745,0.729385475681587,0.776118318676954,0.7555486438502125,0.8930564385400213,0.822247912670973,0.718193845744703,0.782546730422658,0.7390003963489715,0.7764058357175597,0.697335253522432,0.7189082578645224,0.7505678449412774,0.8255295813347154,0.7557562291382026,0.7529858083925621,0.7744119343413779,0.728893816913136,0.8673667918828709,0.7913978950927563,0.7649380187681565,0.8428741961095979,0.74470053684954,0.8329053870396509,0.8002562847306072,0.8470462013835934
29,0.8586032572554921,0.8436684528744206,0.8178460424877888,0.8604547798292248,0.9093381870548559,0.8336358682699474,0.7812639602197254,0.878365765954787,0.7693615283297275,0.9762045651677299,0.8745257154912955,0.7112507824567973,0.8340856962898519,0.7702741291475875,0.8338852636588181,0.6933127227563836,0.7492840901177918,0.8827093933614607,0.8562847587139102,0.8944014665908713,0.7673614371266364,0.7955764360397841,0.7545381791075896,0.8909886282460749,0.8128849796273746,0.7623861418149338,0.8921113024788597,0.7749693801653422,0.8685625260992632,0.8508455632165749,0.8832455654035807
30,1.001562000203885,0.9344777739292587,0.8950456606290504,0.9159168265876948,1.0173998346997617,0.9540940847995425,0.9261072044239124,1.006686223547885,0.8359060123912774,1.0359009796490133,0.9698779925042249,0.7513826872039656,0.9340894410766832,0.890456367912317,0.9710860789709472,0.7041200666540495,0.8479833073702898,1.0181614725598183,0.915588229826629,1.024314102231639,0.8482693936175647,0.85208429102283,0.8462744300985873,0.9674578582937775,0.9190218041062784,0.7724687930027642,0.9850560412268478,0.8760119704154611,0.962330843584365,0.9842078614627563,0.9841759232292339
31,1.096553837591826,1.0218927200672274,0.9853077169754766,1.0129743257331716,1.065097228326477,1.0555891014501844,1.091726829668318,1.1088268051356232,0.9437719619111211,1.0583811639622809,1.0423877080941086,0.8854839267161603,0.9960871533319681,1.0129989019843564,1.0438333354319194,0.7765947600615116,0.9849024832597348,1.1208573284755643,1.0113957187622582,1.1368474587869912,0.9593062003193408,0.909685168770075,0.9949660384421262,1.0629877205427307,1.017988113052224,0.809812197811249,1.04948648651811,0.9933179306100007,1.0568777828891036,1.0837410675216692,1.0396323800204745
32,1.1346660130621937,1.061894225295624,1.0436852030234114,1.0862398773017075,1.0831835599315178,1.1016622666202327,1.156289099025738,1.146954799374438,1.0323479817143895,1.064516666145759,1.0727306635206906,1.0364290485187118,1.0538260431945987,1.0808762568208492,1.0612523885035272,0.935102526763149,1.1077898275304527,1.1638923424039962,1.0691577075623513,1.182786849214277,1.0260946132191437,0.9738243973825588,1.1001921535699488,1.0916413421202198,1.070315997470172,0.9071008453666395,1.0780757978807751,1.0502548468443895,1.0905315280358634,1.11237135515112,1.0683727968833252
33,1.1498881322171568,1.088547954874176,1.0689913904514732,1.1050894880062254,1.0945925053077559,1.1148114409054135,1.1704474253621164,1.1515988821499488,1.0834294826912914,1.0629598562596096,1.0901552235757088,1.1000276866673924,1.0630719372634194,1.105974508543878,1.078345804458751,1.051170005664507,1.1617724001268916,1.1732432032514801,1.0914106505378398,1.1909814051658705,1.0568537680401322,1.009777407668764,1.149791685813093,1.0862441227143507,1.0929289999960123,1.0429057283767205,1.0815104140537257,1.0731541733485852,1.096180340448846,1.1008232723744735,1.0810982743103692
34,1.1687314987553779,1.0994862732819697,1.060167310811279,1.1235972357193653,1.0974291480872622,1.1358140591439738,1.1886827910808422,1.1460695337050482,1.118640771115896,1.0611793830827165,1.0945623216802138,1.1268585725731532,1.070834104138264,1.1024554201825563,1.090189176466854,1.1105034135568128,1.1719611890353043,1.1687679446251236,1.1034357345172108,1.1499534955174413,1.0664983343302534,1.0200062147403417,1.1635314242404085,1.0815567118810294,1.0942727559485312,1.094917735763584,1.0743797145539595,1.0727918274858248,1.1018805111411867,1.089907449427904,1.0736845915196145
35,1.1741652863977572,1.1150470353224096,1.0562383393246706,1.142317888588524,1.1000063699003284,1.1569395988525202,1.1805830429485522,1.1304875295255383,1.1304343620105575,1.0588727952958932,1.1053970093112344,1.1322057318007863,1.0805029653468226,1.1244438483469736,1.0972713195382071,1.131202550626847,1.1721583766643495,1.1524157996194317,1.1281437367458225,1.1493937220985826,1.0675947664775955,1.0247192395485316,1.1698403571076765,1.0716767869549437,1.106877122475458,1.1207721077736676,1.0713067396348406,1.0723224028428908,1.100030953370888,1.1038485215376765,1.0744469527683558
36,1.1375766658132689,1.0925827672762918,1.047718586483523,1.1095984944587425,1.0994126352422693,1.145940263674808,1.1574062534412475,1.150688984948054,1.1384349594761158,1.0495819383133667,1.1015260285761288,1.1361733315891724,1.0791836219564843,1.1233509081609192,1.102845580158235,1.1435693687557236,1.1151034515024885,1.1623335570668183,1.111195082614508,1.1607867294586798,1.0692356084657348,1.0303181763851506,1.1575026309401841,1.0637162504988267,1.1089882970849898,1.1425256952969505,1.0770410544349507,1.0645298037212934,1.0922520046421942,1.1055083889814685,1.0769911144156699
37,1.1289742205327977,1.0883769752856387,1.05157811690652,1.087865433153421,1.0892489676121073,1.133691299283513,1.1576515741280142,1.1407545288196606,1.1372636618708345,1.042193944036113,1.0774510144966638,1.1347274882085698,1.0358422255913837,1.0956563923701559,1.093716691111913,1.1552874815834029,1.1019504295067588,1.1530311496518764,1.0998688261315843,1.150571974772577,1.05740129902491,1.0864108333352103,1.1599050323214557,1.05648430717042,1.111141275672177,1.0940537567721003,1.0657320976365068,1.0520850823029573,1.0838396893033122,1.0890080467602716,1.0743389274995578
38,1.1159238168573167,1.079345053997221,1.0407016502803619,1.0862976525508565,1.0851971129686546,1.1149221628658894,1.1370862578034195,1.1365118083523313,1.0960958483521168,1.0399062906528382,1.0541653758197451,1.123177073282829,1.0164852304167553,1.0637979821757222,1.090319064150668,1.136391778665718,1.1261563609869765,1.1412744755045496,1.0857879760060567,1.1491676493813032,1.0518433330834303,1.0954201065954032,1.1531241059075512,1.0554574736400344,1.0936462249666992,1.1062414570018566,1.0484936595632974,1.0327409697460237,1.0777549469748353,1.0709450702909646,1.064017414524312
39,1.1056279462058536,1.0743081347888561,1.041805441425856,1.0684328782860695,1.0869246171834948,1.0998480390268517,1.101195252436501,1.12419115646214,1.075001512619493,1.0387849032334673,1.030086348389271,1.1171813182615193,1.0255137170135007,1.0378986545004558,1.0919144123051707,1.1256475237342103,1.1352766396547282,1.1261873997438874,1.0690405286758584,1.1412758885206526,1.0487631054310786,1.0719293938895502,1.14464674084769,1.0538578293503824,1.0817499810429074,1.1189585091705776,1.0455085590337274,1.0300257465604057,1.0787590980167443,1.05455840705983,1.0554740744174902
40,1.1075428145838748,1.068631535123567,1.0505192374275552,1.0599359213376216,1.076524477464809,1.0847177974792117,1.1059534238535964,1.1081211229380665,1.0704494766802493,1.0415612231163962,1.0174761752901542,1.1259844138653303,1.0732642432545687,1.0518518066516627,1.096563772487874,1.1345163561364182,1.1467540929718392,1.1153317963503235,1.0684370688012235,1.1423431043038947,1.0630801515600115,1.0571490879900363,1.146787591277154,1.0545931134104292,1.0879473539634301,1.108728406952886,1.0645505431145976,1.0541680340919282,1.0753407240760016,1.0647296284707943,1.0571347907795328
41,1.1194800178721764,1.091029489813891,1.074430411801647,1.0486188491818913,1.070174854637672,1.0960000782437012,1.1772534089482745,1.0999949760831813,1.0800751476083539,1.0407425104079477,1.0362860115471184,1.169511071957152,1.1448817665167434,1.091231958079793,1.0919437335091593,1.1705480653095843,1.1510434151176898,1.113205736735525,1.078696085944309,1.134971886250093,1.0898853271635365,1.0742643250520851,1.15939688572975,1.0491738383660376,1.093440779721344,1.1016284508792031,1.0833517567477686,1.0811130689241935,1.0808291781062394,1.0750712031367917,1.06286423946338
42,1.111758603233202,1.0928840426808275,1.1235639543745346,1.0566483690553647,1.068027381379183,1.1023396380827992,1.1531506371118754,1.0830404718096602,1.0954301206391681,1.0504379769059826,1.081060631535121,1.1914788470831972,1.1969476159641226,1.1204780395338199,1.0879021904642003,1.2178264677839026,1.142151010997843,1.1048066550747702,1.088127957953151,1.1189663156924747,1.123962318236217,1.0966691947681317,1.11799933322484,1.0449495009330818,1.0993035764258738,1.102602039689204,1.1032640199078558,1.114458548569635,1.0735000692819117,1.099320698517229,1.0641505231345707
43,1.0697758085255387,1.0681718951281889,1.1549236542216428,1.0385300286750148,1.0699797278491174,1.093627592305318,1.0962345288340531,1.0636258147740782,1.1110629255325264,1.0458135963174033,1.0627804611296559,1.180091099931837,1.233242580345978,1.1609153555230172,1.0965941507847112,1.2075398171837814,1.1397599196219783,1.0924616027518999,1.0811750133484581,1.1021326691322428,1.1509073447902956,1.1279255350736594,1.097463293132354,1.0422100188482444,1.1162965705212686,1.1244249745111619,1.1226345634265533,1.1507969356688084,1.0620885478679747,1.1200838767559658,1.0779642679480121
44,1.0181870582550008,1.0308267877772208,1.1416117798652254,1.0016200827380668,1.0440147079809974,1.0502676811921916,1.036657920694454,1.0306097032048103,1.12779304667828,1.0082230319375405,1.014123217377557,1.147994758583554,1.187388829447553,1.1715984128221213,1.0904484681925104,1.1685520991893361,1.1177232766820844,1.0549811566144363,1.0433676769433278,1.0474652252828127,1.1694837926293045,1.1438368106712957,1.0614007381933586,1.0335654291828495,1.1139877200957395,1.149463604676892,1.1132224618335542,1.1776919169410955,1.0421881434800675,1.0969990472901863,1.0752028795580189
45,0.9490584025720662,0.9962859318988861,1.1207589970750833,0.9860453663891408,0.9844517899231486,1.0055230061398284,0.9848571524614779,0.9678578881032469,1.1285419061933044,1.0040137515208774,0.9768267515624266,1.103676163368679,1.0822399685995232,1.1540694837636007,1.051359430173499,1.1304143964576991,1.0636154536705074,0.96190166524917,0.999349773521538,0.9492885948358954,1.1503977179097975,1.1232595700234405,1.021110430529757,1.0167172584728885,1.0650467259871492,1.1428187519151582,1.0433361877102951,1.1575896350950323,1.0098654090811472,1.0303382319659964,1.0288870454590733
46,0.9218137651517275,1.007206457381027,1.0916104475375275,0.9650440290987479,0.9222359563434027,0.9539854386219886,0.9153425523208573,0.886624420835289,1.0607748809775335,0.9852039702662306,1.0236948565735857,1.0336560607199738,1.0008102064335616,1.0894408223953203,0.9953623299659996,1.0879254372666558,0.971040916706474,0.8584988703347296,0.9785966777129028,0.8436180785375736,1.1004742460640071,1.159550023874077,0.9593346709026166,0.9839899268256231,0.9890480206248037,1.114780997340218,0.9521130652219657,1.0981928062062367,0.9591452342617662,0.9592712256040027,0.9786941251441933
47,0.8464598946349503,0.9787834493420093,1.0116253557470445,0.913571821577125,0.8752615291345097,0.87440665236281,0.8298445122208356,0.820491996589319,0.9682629769639979,0.9367777137674705,0.9944521451412021,0.9309211321065324,0.9103114670292026,0.9556462120727621,0.9469517038950408,1.0073985684964355,0.8856171623645313,0.7868044390911665,0.9295646479419984,0.7618074078073164,1.0351984009180175,1.1093318188610803,0.8906534629918612,0.9379976013300558,0.9110140069562277,1.0457385625803948,0.8906827931143001,1.0197172216774641,0.90265837610409,0.893325789662314,0.9317391612967816
48,0.8048301557958746,0.9024125445849922,0.9048155562804937,0.8862339362105914,0.8488564001068046,0.8138457607677371,0.7654718796537974,0.7849042248697289,0.8906013058708943,0.8965485254046411,0.906148328685882,0.8213363651755803,0.8426794890873147,0.8237644452792411,0.8724979005453216,0.9167966260509911,0.8090186330908457,0.746669149589941,0.9001427779645588,0.7204741648521236,0.9399545763635694,0.9835405958755054,0.8112000853614132,0.896228895647716,0.8438577633142001,0.9310554632927962,0.8515160635387392,0.9300314719687396,0.855552903108796,0.8443265279406903,0.8930531829995354
49,0.7689849366455533,0.8545639500836647,0.8374789036735447,0.8847367017318614,0.8429008909165713,0.7823817838333428,0.7316318295155706,0.7633543311509778,0.824832208089601,0.8741121494881176,0.892097388488288,0.7709452610952147,0.8164342554413567,0.7677785379564246,0.823383200473414,0.8299176907562414,0.7618703788179455,0.7255446035533192,0.8687387885428397,0.7008987637720304,0.8505779645470088,0.8808268026028945,0.7597607727414782,0.8729988155801077,0.8094049524355031,0.8580731580990498,0.8330463612997528,0.8441065501733058,0.8354161026706022,0.815515423365138,0.8569347770815613
50,0.7492219108235296,0.8224310495820517,0.8062108224459391,0.8717507899154218,0.8300773450622742,0.766456819989829,0.7176687156552389,0.7525241194004311,0.7844562712789679,0.8647494152030474,0.8538705933627206,0.7545300637221144,0.7913325943865872,0.7418435366949068,0.7783526870866717,0.7618935615724567,0.7367647500887051,0.7175563734700487,0.8493089777622272,0.6923405160418823,0.7958201251330985,0.816886807729734,0.736098940585762,0.8635458290708454,0.7930947646656885,0.8071679994164114,0.8256267768188159,0.78236963332417,0.8270151041668559,0.8012425916268079,0.8357005544699613
51,0.7370845886842513,0.8086919728234088,0.7932453481327324,0.8619862103726638,0.8210351595704509,0.7701436813991438,0.7189001093805365,0.751434048552107,0.7667054959320905,0.8652784817636577,0.8215686810524946,0.7367979293948007,0.7780876363846533,0.7311572754839266,0.7642488376211785,0.7195170342324673,0.7265940967976444,0.7189345960611506,0.8306834050652392,0.7022297313349619,0.7670233248670228,0.7818844170601289,0.7277338355376571,0.8630479425995964,0.7917813854476327,0.7790123368419748,0.8308523356149335,0.7520269421787817,0.8258169926303683,0.7983788463779339,0.835187666913105
52,0.767462838151543,0.8134816277338022,0.7941714345354979,0.8407184794413878,0.8371088435569344,0.7897072631410065,0.731435498087549,0.7781971611771918,0.7613099146775594,0.8932128283613242,0.8250575086456544,0.7204983907454301,0.7889338005179451,0.7393309827678456,0.7815428220268631,0.6995135207787314,0.7295010293719104,0.7534954113734083,0.8283850621836745,0.7557127142134986,0.752212734509507,0.773373168970312,0.7308245719233667,0.8689906022512792,0.7944281900833841,0.7650449519067505,0.8476315703890135,0.7448459670857582,0.8325174984251977,0.8084365733104658,0.851318010844135
53,0.8649902195840085,0.8475515380469228,0.8205185070864736,0.8609921748734976,0.9122214759750031,0.837880185983126,0.781535686805812,0.8799070966702979,0.7750777047434705,0.9766703359261849,0.8754477221147027,0.7132778509194111,0.8406169148425887,0.7726509217286955,0.8381658471002575,0.6959046966177312,0.7577334160359196,0.8863578623997905,0.8544156020355836,0.891637182337364,0.7679344498499069,0.7930707128036508,0.7560038150303192,0.8921114038811482,0.8148522785217036,0.7627306223055559,0.8954765551472746,0.7751897701431802,0.8684539605589838,0.8554035186405806,0.8858627925911097
54,1.0035502616949996,0.934543570118156,0.8975323215541962,0.9148049021076148,1.0184505456941775,0.9567457536736457,0.9242390807157925,1.0077838983190657,0.8406206488733166,1.0357204926545671,0.9639561238488705,0.7535144581939507,0.941425479762309,0.8909710165256465,0.973667149168163,0.7074809074323909,0.8535088782149352,1.0214562528805846,0.9161907689313544,1.0278487991170957,0.8481916767083661,0.8482429870413678,0.8451522602789313,0.9664385216063215,0.9201412274433939,0.7732067737365262,0.9849351945755715,0.8746907879402543,0.9623722630036632,0.984789836663385,0.9850249875994795
55,1.0926837728615821,1.0211608650754196,0.9868506206495656,1.0097102862290677,1.0654948387143237,1.0568374637851343,1.089862345108149,1.1077278000938997,0.9473727544920518,1.058594810906123,1.0335376267879661,0.8878747137880498,1.0037952625003317,1.0123271146029107,1.044168497016723,0.781997122574879,0.987735935218544,1.1211408982823399,1.0092013897487377,1.1370947689120678,0.960400075545068,0.9062303516391723,0.9931796403133495,1.063101457227704,1.019148379883002,0.8116804894630189,1.0470705757595749,0.9914184049161924,1.0565796344448333,1.0783675583376375,1.0381297567696044
56,1.1281222399044457,1.061913170734211,1.041827099450212,1.0834958589703432,1.0831364609200635,1.1017393811715561,1.1552401578769893,1.1446897650908063,1.0327201161296906,1.0643884741738159,1.0739132907957885,1.0399006669659023,1.0607019497328445,1.0781236826497615,1.059655524799979,0.9438848337044357,1.1056351053761524,1.162970310316859,1.0656943180556435,1.1821122691612627,1.0266337626675157,0.9728324076928758,1.1007599320600228,1.0914272730257968,1.0706279513425485,0.9101769948219816,1.0768416762101238,1.0489349726140313,1.0906632072147875,1.1053796338417765,1.0663490366327855
57,1.1433493668404244,1.0877444600057087,1.0663380219344554,1.103734289229244,1.094361370899318,1.1142030664899991,1.169188655981018,1.148828597636403,1.082283031236768,1.0619900438701297,1.0927615226199903,1.1023132593878069,1.068843487729445,1.1031778962639638,1.0759825717747329,1.0585855952960546,1.1578017619886833,1.1714386605726756,1.0888420404495485,1.1870787920143084,1.0574145283597032,1.0100742309367687,1.150209123665547,1.0869589027603586,1.0927686607849671,1.0465354640631224,1.0800186331311221,1.0712453486836415,1.096986352372729,1.092555904756235,1.078005085039995
58,1.1624683289525415,1.0980990962443002,1.0572831130049485,1.1235649685471762,1.0972269082350714,1.1346080846788358,1.187914918629724,1.1432136900800047,1.1163755455842943,1.0598367895874317,1.0970956749708585,1.1282528234707134,1.0732444386060946,1.101483231888238,1.0871388822693373,1.1139371716542241,1.1689356675207292,1.1671815188710275,1.0991202493561743,1.1564778870745926,1.0601361302432564,1.0222680966656843,1.163703672148071,1.082115249873325,1.094403540317021,1.097275391289408,1.072842935388272,1.0716131981656096,1.1031007950903204,1.0815484414096066,1.0714489749362734
59,1.1655745254584142,1.1146228837638226,1.0548638440822575,1.1410796293278653,1.1004615485584828,1.1554742236317805,1.1801928466847562,1.127357134626229,1.1278488880262567,1.0577001611170558,1.1085366448207035,1.133627668153749,1.0781351532701684,1.1239760003820967,1.094283260336003,1.1316610560741847,1.1697304429373607,1.1514838254031219,1.1246272370948431,1.1485829847966647,1.060974162711563,1.0278727022652014,1.1692059296749742,1.0708151185211376,1.1074404685479857,1.1213692599573553,1.0686968982191067,1.0722712394093379,1.1011901026277096,1.0959021341420259,1.0735441572320548
60,1.1330771872315335,1.0954541884582443,1.0444859947593803,1.1119936850957277,1.0986040804240997,1.1444413699047797,1.156955653616408,1.1471848962930147,1.1373991581033103,1.0486667860268797,1.1035670960207715,1.137545589391288,1.0759773352908426,1.1227641572879685,1.0998378731590226,1.1419803609534864,1.112990740453064,1.1615052517013142,1.1014991081140892,1.1626076708666557,1.0640159127857098,1.03267759460706,1.1584374547483298,1.0623898925599518,1.1086681347489133,1.141920735415406,1.0746131833451542,1.0657146045386587,1.093425565082902,1.0971500650302681,1.075363334928738
61,1.1240625021926005,1.0885506768391975,1.0498635515565142,1.0880273555637594,1.0886232063356016,1.1318959939610647,1.1571905595507321,1.137861407966571,1.134726730706038,1.0399314449681374,1.0790511842997343,1.1354336806992193,1.0402746408450068,1.0953756134168384,1.090524485273676,1.1520505721136969,1.097964198104945,1.15273675639108,1.0885735337927582,1.1484899972437723,1.0597429347441556,1.0905433594712401,1.1615995345329768,1.0548593676399418,1.1108897712300552,1.0930348674401904,1.0628253190103545,1.0527009343720368,1.0855263276366813,1.0844570311924582,1.0728727678797934
62,1.1115464613646338,1.0774601667243235,1.0399710078184725,1.0835742518995255,1.084301276561331,1.1119867530158452,1.1371818922067758,1.1328488465184536,1.0924089255219174,1.0375738041671112,1.0549669955841712,1.1235467411640534,1.018591929604355,1.0632765066072913,1.0871414851669472,1.131832684213579,1.1193338573777833,1.1406978919091637,1.0742635832658403,1.1508319692488909,1.0535476001622543,1.0987595721730827,1.1546311536157599,1.054307262529804,1.0932939906523331,1.1062536735888941,1.0454977573738955,1.034969555235047,1.0796561116142536,1.0678262124158016,1.0622079015970107
63,1.1018147687348279,1.073598693275386,1.0418559654673412,1.0653290646990747,1.086068427509238,1.0962053896892037,1.1007443611036756,1.1224322688278197,1.0703200099103447,1.0368141093920815,1.0285912929433207,1.1170854479173185,1.025094156403853,1.037213664574243,1.0887581276550367,1.1221942386965356,1.1275052842290538,1.1252201492522311,1.0659801014690267,1.1410835085028932,1.0514968893941856,1.0757054495085014,1.1447526907265553,1.0530130375854514,1.0810451678299406,1.1188919884283148,1.0427936034092464,1.0324771203882883,1.0808254594137456,1.0563383510294588,1.053636653138355
64,1.1047426547502623,1.06636939516897,1.0502287307018978,1.0556939091566064,1.0740310133452025,1.081350005882548,1.1061141729976802,1.1067413350022262,1.0668604983967795,1.0404729598038642,1.015901659415151,1.1252397596749268,1.0611082950133073,1.0508272792321742,1.0937941687865256,1.131480573507474,1.1381509933052314,1.1126403038174641,1.0604027867656134,1.1408437498521322,1.062851072402979,1.0586832592915218,1.14528519433385,1.0527367381826747,1.0857626523648203,1.1090999950338107,1.0619393404134037,1.0560337188401212,1.0765817588523787,1.0655032401974747,1.0550994411339816
65,1.1166121413842471,1.0844972766926422,1.0758724071515486,1.0465861471896925,1.067008587412807,1.092747298895763,1.1747361618630139,1.0994468974867335,1.0757176105389494,1.0433534108927298,1.0334913443145446,1.1676551953255512,1.1242866115960621,1.0908638175407024,1.0889032311199585,1.166219806227395,1.1432150512765868,1.110349457628564,1.074626238845034,1.1320967474342245,1.0900388446025682,1.0751562330005788,1.159864879762007,1.0481851309894923,1.0903995271388944,1.1022498450831553,1.0810568929230757,1.082016429016193,1.0816157383811886,1.0752136843290863,1.0610749257803416
66,1.1071561056909824,1.085670563183553,1.1234314698220063,1.056316079261057,1.0651081244311997,1.0993909236182566,1.1519563873696819,1.0838466757496634,1.090086916802684,1.0556008982474387,1.079293888809164,1.1881582330362541,1.1752872284038234,1.120647987003891,1.0846908138936393,1.2124612173044866,1.1359778351347072,1.102920009668116,1.0868504380232136,1.1159471403821062,1.1244698744551047,1.0974898708192704,1.1159332967159097,1.0440129192736767,1.0959116644977387,1.1035018531488152,1.1007970344330715,1.1143437399598102,1.0737156003425354,1.0991789959428127,1.0628005749243947
67,1.067091119923078,1.0616784486599387,1.1558692588300503,1.0392951247768942,1.066777461683256,1.0901345029645555,1.0947740231311676,1.0619290865525224,1.1073249342798386,1.050449019569549,1.0606247035500973,1.1763298399168687,1.2144757437932328,1.1607132822058879,1.0924621806037296,1.2027169815874805,1.1346199633021656,1.0902552097006848,1.0823764320455032,1.0986848800682196,1.1507383463359555,1.126165191167064,1.093297369180101,1.0406456816000509,1.1134166859713803,1.1240180951679206,1.1224168896894604,1.149401654182147,1.0612674553061492,1.119054466924161,1.074955223814742
68,1.0156451079100677,1.0263137176539836,1.1398507392919917,1.001935773612387,1.0407631645591395,1.0461355607317668,1.0372833931936922,1.0325572607159297,1.124058554971694,1.0091659772793586,1.0117726879091342,1.145249951399633,1.1849523918008475,1.1709299468656702,1.0872537433993164,1.1668228932419653,1.1128744067826288,1.0521142050532775,1.0423683077413166,1.0476143498529058,1.169619414784537,1.1409116909793668,1.0570890037849516,1.032424641710439,1.1109419582806679,1.1466819078773072,1.113153074034944,1.1762347465059957,1.0410324789656884,1.0965314918735862,1.0731142336778683
69,0.9552701599234211,0.9931226957114564,1.1187871062908654,0.9862895021113824,0.9827742953733248,1.0014616042384834,0.9842971871633289,0.970688291504608,1.1240300766755191,1.0045957305808089,0.973951816750708,1.100247703502294,1.0822051461821505,1.1534377618904192,1.050423704834605,1.1276519307030402,1.0600348916901094,0.9609443623935788,0.994941064061766,0.9486484926634309,1.1524306560381092,1.1198436540475505,1.0171421593199663,1.0159695572827763,1.0633968977080013,1.1383212105984184,1.0407515900206288,1.1602689638378396,1.0090927828780252,1.0279155242584994,1.028577157221616
70,0.9234791829957517,1.0043003790182574,1.0900390079804572,0.9658211141077563,0.9205072259242724,0.951760509692545,0.9141119505992505,0.8918713745247053,1.0585564427381524,0.9865015736177388,1.0207605414123702,1.030595800337548,1.0013590038270714,1.090452114183354,0.9958359196773116,1.0813422197004634,0.9684221128765904,0.8589623125550157,0.9712164743787165,0.8466475816811806,1.0986699028434206,1.15882097569162,0.95687501894706,0.9849676887986433,0.9855813189148325,1.1102507416000413,0.950797144064192,1.0982949377108202,0.9589825366560343,0.9578794364101917,0.9786367494229609
71,0.8511794625014295,0.9757670698175909,1.0086091674991613,0.9163297655694064,0.874101348231057,0.8724666188600562,0.8313725331096637,0.8226697911906135,0.9683062564198149,0.9380717769982092,0.9940356827969178,0.9305856786746768,0.9121570549778134,0.9569132269679058,0.947287086211592,1.002156705005613,0.8840805700077629,0.7874246271552474,0.9215513143067025,0.7640153385757398,1.0351050399454391,1.1081398679598518,0.8912596650116452,0.9387080698017657,0.9087426678753956,1.0424461814237795,0.8888025951902762,1.0187993088100442,0.902613268555576,0.8911045099839224,0.9311020533706023
72,0.8096710297818687,0.9084685168841867,0.9104186501234532,0.8923381050721458,0.8513028873226752,0.8212564261280301,0.7703917759619383,0.7881602918330728,0.8966917008539952,0.8977216953952093,0.9140654568286712,0.8232336351323224,0.8410944042669428,0.8279838768527034,0.8753896494563862,0.9225056380175886,0.8130146858475475,0.7478523361685583,0.8769284877831985,0.7196263471844887,0.942018720197667,0.9867745998821326,0.8130787065324223,0.8986438422593783,0.8512411048908537,0.9376293171545304,0.8508505369265932,0.9349941873608917,0.8625081525971643,0.8548276015459475,0.8960527273532299
73,0.770806874418459,0.8596240716628978,0.8409667135888548,0.8912754798238484,0.8449554265246578,0.7891110344451512,0.735770348131252,0.7662549131324269,0.8295751323930979,0.8756410710559762,0.9000757300433897,0.772728882407256,0.8139382997181633,0.7671415358420863,0.8256757820866872,0.8365619098019161,0.7655830531224608,0.7264887334888283,0.847741987447664,0.7004594510927793,0.8532934253281999,0.8824888290892033,0.7603016354546019,0.8753690952353657,0.8162919050809565,0.8636794405780281,0.8323676523479452,0.8477936709624294,0.8411954438075192,0.8242794289999558,0.8597448249567013
74,0.7521279942400402,0.8269084050277611,0.8096606358470716,0.8772243770246603,0.8312382339289927,0.7727708095714346,0.7213950190661683,0.7556274666585787,0.7884263103171701,0.8666012535693081,0.8609040405708437,0.7556041279157758,0.7892127338161267,0.742278982850979,0.7804327477822677,0.7672500053427432,0.7397031065473243,0.7184989999298386,0.8302182721679511,0.6927933880075078,0.7966701228586395,0.8185616085627734,0.7359882824348601,0.8656907610035443,0.7990218394713263,0.812167394117943,0.8250018266714855,0.7852383249961852,0.8321611623949301,0.8095179121478518,0.8384634060501474
75,0.7379055955520867,0.8126473796896632,0.7959167146476813,0.8667575480601949,0.8215263392679678,0.7758209030948239,0.7220883169519652,0.7547438378479001,0.7707428208687778,0.867586020257416,0.8263796760689402,0.7376976125214542,0.7756186526122483,0.7313078640270048,0.7660479342226525,0.7236195019429188,0.7296685203047297,0.7195640049164842,0.8206317536985936,0.704191175741152,0.7664051326749747,0.7849636055189521,0.7274274167242165,0.8654572969130647,0.797206456488424,0.7837836208957635,0.830394921201263,0.753544373453824,0.8303794279987488,0.8080412574850683,0.8371485716072204
76,0.7643822857346569,0.816292424404438,0.7962657625044977,0.8437314087253855,0.8373624489724965,0.7936632686100573,0.7348976262527865,0.7807633984238723,0.7641544713655806,0.8938218560816874,0.8275939346036958,0.7216478515211602,0.7866791746056425,0.7391004585582671,0.7828961788261672,0.703094711876797,0.7323480388269333,0.7539655887887856,0.8224836085916589,0.7570401845103966,0.7547949451838931,0.7770663577101844,0.729830655397611,0.8719599849292939,0.7988190838394038,0.7703382138803805,0.8476805361969021,0.7465384375254357,0.8362612726398324,0.8172266659941811,0.8532174011858198
77,0.8604809185736083,0.8491290127657686,0.821659603411859,0.862712201461361,0.9118843896205588,0.8389695145155333,0.785156760398235,0.8812341889065912,0.7766011778058479,0.9756480426525979,0.8765832454486062,0.7145667294127938,0.8374571892009,0.7726398061955188,0.8392238382956823,0.6986811465929481,0.7600181390470049,0.8849292605937648,0.8475019666497241,0.895149607330039,0.7669026950512602,0.7968692686115723,0.754212537313315,0.8944698767861518,0.816789685033947,0.7673773471358273,0.8962941519068458,0.7772371477761613,0.8710711779313912,0.8662636143930248,0.8876220886744184
78,0.9966403162494385,0.9348892789465101,0.8981371782439771,0.9142885434261714,1.017952117037565,0.9525143120562838,0.926460145643866,1.0080080463434928,0.8399928496660705,1.034455053884789,0.9696624572101429,0.7544137924794093,0.9359782891759184,0.892284208081429,0.9742952113151988,0.709625052516586,0.8551900466074643,1.019061834597065,0.901549988516471,1.0295016359954525,0.8490576336273061,0.8511286972708781,0.8430790022529023,0.9677173311274463,0.9164320417156405,0.7761648697810447,0.9861548556209261,0.8766482052959208,0.9623197010361274,0.9924356419502669,0.9842447213156791
79,1.0896325302591587,1.0186462853460923,0.9869925822375344,1.006149965812741,1.0651990720177626,1.0511561448693163,1.0905866386606184,1.108260818421948,0.9441346400681813,1.0573322392485935,1.0404470727040571,0.887884029123042,0.9945167602719295,1.0119581581073085,1.0452367035110162,0.7833381916250561,0.9887745864054222,1.119524244636405,0.996880232183933,1.1396837774851305,0.9604835325563709,0.9079147525163744,0.9894760312845199,1.0616150956937962,1.0135414612981464,0.8132972949424473,1.0481440380837563,0.9929988133401726,1.0557435829626167,1.0818902219150104,1.0348689293895685
80,1.1280622413531998,1.0570329788879245,1.0436607720140634,1.0778779809062045,1.083864022690848,1.095765058599891,1.155926801911913,1.1453244781407252,1.0288991667239062,1.0636045479256875,1.0692006090874544,1.0387587973440915,1.0485246935470174,1.0774883411633411,1.0609527886751386,0.9437010179988511,1.1055226148677388,1.1623525454127481,1.0581435564112958,1.1835276753978283,1.026443945649678,0.9712877873260585,1.0941024331630056,1.090541535070326,1.0656263981986946,0.9113580437940012,1.0773684966797228,1.049273098797866,1.0898838145243677,1.105532151119543,1.0638252335247937
81,1.1441831652525507,1.0841156356385497,1.068641500042579,1.0984777202513112,1.0954964066213855,1.1101346860576677,1.1695667398610574,1.150285812619327,1.0786658357515737,1.0622865897429195,1.0869807709307733,1.1014854494089246,1.05820960906907,1.1025449219624814,1.0775189517863843,1.0571293084945417,1.1565836843373858,1.1712664346761168,1.082677667821861,1.1897862533418204,1.0573431408074652,1.0098570044566575,1.1441430985556365,1.0867830835746848,1.08909435393312,1.045878591751792,1.0813847317115861,1.071989188399709,1.0965706538807303,1.0911243188612347,1.0766982941984313
82,1.1646717041094448,1.0963592105814577,1.059410540503023,1.1186877217569298,1.0978844554224005,1.1317211990829787,1.187459598422293,1.1435798184794672,1.11279953791028,1.0607490661263512,1.091991772241771,1.127612553738763,1.068119642900609,1.1015231592865695,1.0895241171831325,1.1114746827513053,1.166052879667793,1.1660898315189971,1.1013124484061003,1.1556710337817664,1.064499494655006,1.0210180367657395,1.1593362653489054,1.0833061107093787,1.091937150903548,1.0958142628009666,1.0738747252143908,1.0723823160368695,1.1033183505885207,1.0786213259811177,1.0709267610366269
83,1.1696990955433342,1.1136741424169576,1.056040280883517,1.1365342444670972,1.100651105957788,1.1534157576596438,1.1799948008474554,1.1276483714387853,1.1251733100160233,1.0587700069065586,1.1026075254704806,1.1323939374226784,1.0793480800284354,1.1244688982881812,1.0961614809627342,1.1279738406827966,1.1658945909301073,1.1500549739486248,1.12406787320236,1.1489472618350551,1.0649308774889887,1.0269183527795747,1.1668259685605131,1.074725243245852,1.1047248571434238,1.119440194026152,1.0700226887557773,1.0729294971496457,1.1018559595185573,1.0931543584222476,1.0732814913359086
84,1.1328079703492344,1.0922835310629861,1.0464210646678882,1.1062482548697887,1.0988793746748442,1.1432369061014045,1.1556098914492834,1.1470074610721328,1.1335427750136509,1.049824748604854,1.0996881534784677,1.1356265994055332,1.0780327766585998,1.1230546614623673,1.1007857534122045,1.137382146358536,1.1098979489046772,1.1601172316742046,1.1105336976352937,1.163347100578804,1.0656368971576882,1.0317206365808924,1.155070691331422,1.0582976590156643,1.1064491285128675,1.1395525484250901,1.075071384693695,1.0673743654410175,1.0922012693145464,1.0933468501487504,1.0738359573371505
85,1.1235745950306368,1.085356502655929,1.0495716603851994,1.0839184003268276,1.0885872073780496,1.1295668015593894,1.1538007503040162,1.1365591361493097,1.1308085453010173,1.0411359625818022,1.0744162797648606,1.133269085241176,1.0336616061810844,1.094935495120542,1.0912541901482424,1.1472389699789507,1.0952291557914613,1.1512499512471126,1.0973377343162192,1.1526872471409135,1.057046112314322,1.0894098837968906,1.1574506923485663,1.0517259366395624,1.1092740004730253,1.0885842316948364,1.0630770203012552,1.0537986862631268,1.0838150834594449,1.0799405871822074,1.0714843594562256
86,1.110180736701652,1.0742323581498676,1.0391248239023996,1.081278671449789,1.0851671771315712,1.1109396788698866,1.1323735807974258,1.1321561350422793,1.089995886588649,1.039638058855245,1.0511400110868345,1.1217992659319078,1.0147989974557599,1.061839830888995,1.087904256961201,1.1277054648754534,1.1158068099490974,1.139567379966886,1.0822502130052982,1.1500354110618367,1.0510320464612564,1.0976692622012714,1.1506821829447835,1.0497263061615902,1.0918481552053547,1.1009992938020874,1.0463860582155682,1.035055434683858,1.0770974018673727,1.063955105599072,1.0607043797104019
87,1.0998045892500132,1.0678857614461543,1.0406537288429016,1.0640320400168568,1.0869806927513697,1.094778108999382,1.0980368073988527,1.1205332434532107,1.0677994261133603,1.0381815783497648,1.0264158911234842,1.1152839884663472,1.0241534272808157,1.0347652201220752,1.0895029698096523,1.1175814793064538,1.1240529353599695,1.1240226696500282,1.070058385079125,1.1362691837591798,1.0469906433499165,1.0708991898316895,1.1418370479929043,1.0476704427478245,1.0791921793243269,1.113494657753608,1.0438630086383207,1.0305492357222157,1.0771104761138366,1.0508061459443399,1.0520671498465937
88,1.1024013267236017,1.0638322623454357,1.0479360201167933,1.055638344839055,1.074066770190622,1.0805131417818767,1.1039043254502008,1.1044815770915217,1.0651316042281977,1.0393662318965393,1.0130762978579981,1.122957636183529,1.0706412305928508,1.0483159028605995,1.0929320334200034,1.1264761017210652,1.1348645732997098,1.1113819358732615,1.0669211364252456,1.1357577521089406,1.0566918173341564,1.0517318631069483,1.143782519824856,1.047776380283583,1.0832230973830173,1.1034489419395932,1.0623935138957452,1.0529115287708057,1.0730611474351988,1.0606973930461008,1.0537444649336305
89,1.1163681260624747,1.0839566529771087,1.0731640446020068,1.045654186237496,1.065920942086718,1.0913167827169539,1.1685267612455308,1.09667730937525,1.0752144765799752,1.0389365712816352,1.0321125212097997,1.1634806335144388,1.141344909707218,1.0881055808827889,1.0864534083934843,1.1592686040437266,1.1391986376832426,1.1096810601347864,1.0794248620006368,1.1317545763786832,1.0865704368056766,1.069864865740717,1.155493491228977,1.044086962029179,1.0881603814439955,1.096744666248268,1.0797038854461118,1.0773611606328175,1.0774983283049837,1.0681444077427569,1.0596980527165503
90,1.1093059383201698,1.0863640369562013,1.1199020222124432,1.0539319214790714,1.0645078614271544,1.0972865512096526,1.1483555380728516,1.0803774278862641,1.0904475229046633,1.047758485940238,1.0778202031084327,1.183318115456299,1.1936716866326047,1.1199218155659931,1.0815480628890584,1.2042033067242186,1.13330625678654,1.1037934579239341,1.0912459039384794,1.1180626891999117,1.123604608702338,1.0950910173452124,1.1239083312141682,1.04177141526718,1.0944703648546177,1.0979384290505114,1.0999290928963594,1.1098374149269072,1.0702877650058906,1.092705600323084,1.0624479723445515
91,1.0694343943778495,1.06304794634968,1.1507407784933819,1.0413712457959845,1.0657320138193693,1.0895365378521538,1.0943059528955041,1.0611219725306433,1.1085402201830765,1.044583304018018,1.059072373540583,1.173882317603299,1.2286933413892875,1.1593326400637767,1.088642856548771,1.2027751348824791,1.1343391241099041,1.0901654094230497,1.0887645858485138,1.09829247167588,1.1493355214341854,1.125003019812413,1.1066474246785956,1.0378187875274747,1.1112619209725147,1.1201007334446489,1.1199964820850277,1.14558834593246,1.0590270835630986,1.1131073235983338,1.0752295858495124
92,1.0183055353859332,1.026890965629496,1.1359078260388125,1.0070557747764362,1.0393441210524095,1.046546883643837,1.0367340100139515,1.0291358115538942,1.1234311372352621,1.0093686064027263,1.011034656477261,1.143256582906851,1.183680487451525,1.1699737641097192,1.0832068151434782,1.170031676657222,1.1140020183906434,1.053959565608295,1.0523146520433502,1.042562432956023,1.1679922252693937,1.1402930328494394,1.0726646443435075,1.0298755556203307,1.1100534548799619,1.1452443720989212,1.110275591067107,1.1711865952710538,1.0397992531291576,1.0911043775418332,1.0734785955373898
93,0.9513677527167568,0.993921052811839,1.1151583637870122,0.989198012830722,0.9807185305759326,1.002376449647704,0.9839394419948595,0.9697057726303322,1.1251783506036546,1.006465039713878,0.9734527339226907,1.0983670483750658,1.0834381485775075,1.1550917109136427,1.0461906089369357,1.1314726599051634,1.0619302415188567,0.9637262384690183,1.0105628165280172,0.946709642385474,1.1504388341937515,1.1237508896006323,1.0220749406025604,1.0198248840702517,1.0655109713441098,1.1393546020736778,1.0398266371441829,1.15713463338055,1.007503393005432,1.0225607825359995,1.0284877587022754
94,0.9258769505791631,1.0056178795751154,1.0865504346619985,0.9672998516763911,0.9190492701511628,0.9533141111919191,0.9147353226744924,0.8894412766697808,1.062310964416272,0.9888469957942381,1.0216588761728544,1.0298079355750225,1.0046316169060336,1.0935326803971497,0.9929617682366401,1.0854835412041737,0.9714275028610644,0.8623806556524274,0.9921111944398452,0.8457402142776242,1.1030213843299048,1.160297417337887,0.9590398634332988,0.9894607120424365,0.9885889107466446,1.1125183045933509,0.9504740954056872,1.0976522519358785,0.9575331705466184,0.9527549127639938,0.9795051760819453
95,0.8523083334346726,0.9788237077879834,1.0070982982410543,0.9183179989135354,0.8717291333757033,0.8742889317350333,0.8299830455934862,0.8229114342991982,0.9717421370917213,0.9416769737139705,0.9936197110479116,0.9308014656238023,0.9145542419537149,0.9604104863964843,0.9452618919968859,1.0054259066985116,0.8875908488329254,0.790305655700784,0.9483369758591685,0.7624034867733159,1.038795806567965,1.1094200213059098,0.8935461370338557,0.9456857020466445,0.9112410968620845,1.045090628016534,0.8894640688937494,1.019983085944203,0.9017969283739172,0.8879620147580827,0.9332220968552318
96,0.8220993128524967,0.9184883685710372,0.9185866460505915,0.9011106602171854,0.8652782677770379,0.8294236563142611,0.7947626642468971,0.7968693531752732,0.9072129654227452,0.9011346234385159,0.9183049882998855,0.8422193659234876,0.8509391228013558,0.8324382767052123,0.8858260412113848,0.9385907036045683,0.8194654048448664,0.7598171919976228,0.8875424138195015,0.7320142193436611,0.948396033454595,0.9968121890938462,0.8249598722022826,0.908327114384448,0.8536901025467043,0.9409034002382356,0.8605219660088953,0.9438618532042534,0.87843904570112,0.8687109244681053,0.9045217429488746
97,0.7820501879432322,0.8686555115219874,0.85148318429318,0.9020012962430458,0.8584429908312644,0.7961595085123689,0.7582435100019287,0.7739624147813099,0.8396712848823443,0.8793080601177304,0.9031623093425178,0.7898081892668205,0.8229580513882311,0.7721395564469739,0.8352195672593422,0.8518252434506811,0.771305223739901,0.737292296730684,0.8592187650566463,0.7119880137462089,0.8600796669485532,0.8944079568913338,0.7716811689453231,0.88438676917476,0.8178297711092893,0.8682520566224144,0.8421013645014247,0.8551089353468245,0.8563492069331154,0.8354785390783059,0.8675971702910642
98,0.7627207573563584,0.834525432109388,0.8188501805074447,0.8883795134535866,0.8447213114380973,0.7794288114475684,0.7431458456624483,0.7587146051676146,0.7982981569330629,0.870201033158177,0.8638744705544278,0.7704824499459114,0.7976776896269501,0.7435637529864231,0.7889576616384235,0.7809295608481868,0.7450482642907226,0.7280416127679982,0.8443103852227039,0.7047988540926116,0.801589879981999,0.8282259550360584,0.7461936678127371,0.8733802586120332,0.800322130247495,0.8155905980100736,0.8341823008322701,0.7917323467407192,0.8469810337610647,0.8213308687966704,0.8456978299313398
99,0.7485724290036769,0.820595476651701,0.8035875391761041,0.8774690641095948,0.8338322934286454,0.7822108751210537,0.743210662732471,0.7604014972365285,0.7791104259124747,0.8721625908364863,0.8302681412843735,0.7513667105068752,0.7843438283041512,0.731823403879399,0.7735936395015472,0.7351144328698003,0.7343805393528569,0.7286651133320892,0.836132432134536,0.7109534879257922,0.7717490268065266,0.7932341416374019,0.7370049930197472,0.8728911281958457,0.7985776093428563,0.7869766377947643,0.8391441891940019,0.75963991090521,0.844877823666976,0.8182852873091369,0.8437827327841138
100,0.7763834558306485,0.8242587976645255,0.8039525849150918,0.8554097046558989,0.8489492340761075,0.8016177137601525,0.7557988960175325,0.7857175825888683,0.7722924859212813,0.8991100919352816,0.8331321372558551,0.7342661884522788,0.7946676417858206,0.7396391212808123,0.7895524168651556,0.7127947781896287,0.736904048811952,0.7621052640719714,0.8445611153335095,0.7651737636645596,0.7576386404230266,0.7834749360173574,0.7394012932964475,0.8789813540989371,0.8003951711442104,0.7728098150292894,0.8557532733624974,0.7517635205621943,0.8509631735736329,0.8244259305811243,0.8589502124915892
101,0.8742089904847108,0.8580521388443186,0.8291837984040957,0.8752110672377524,0.9221824157000114,0.8484850423086996,0.8053554663410617,0.8851852795173196,0.784739268197044,0.9798028447124686,0.8829870520434145,0.7262027619527996,0.8438056671597182,0.7738431455189853,0.8443773668807036,0.707778249325932,0.7644540017515472,0.8916991756517215,0.873239219420927,0.899505168035787,0.7707923541527092,0.8036704150165933,0.763192447959827,0.901410467460114,0.81884851239562,0.7701974490194097,0.9012539071705991,0.7817360771546928,0.8860359384114883,0.8714236448015292,0.8912365262809283
102,1.014982276556937,0.9441714367592453,0.9017920465117018,0.9220182718966452,1.0264183455033153,0.9622944238495165,0.9455140937885087,1.0096934591309,0.8482598868265037,1.0371214729455167,0.9760908623340709,0.7648326443183922,0.9393990631372889,0.893402209255885,0.9755075362522144,0.7177953575577628,0.8582049733988647,1.0240479352397782,0.9246511489186562,1.0323858158846966,0.8509644539433192,0.8558808358984106,0.8500078785313551,0.9735527695798443,0.9183245690633679,0.7798883108820172,0.9864021672937349,0.8798242519654018,0.9771492874219041,0.9926470061039591,0.9851629139011318
103,1.1094805066587967,1.0295865626479621,0.9886105824237904,1.0095958027945526,1.0750478682314197,1.0629803064960168,1.110906480090093,1.110504810745856,0.9518098240809193,1.0612827804796117,1.048967767792102,0.8956836569956773,0.9974434641771756,1.0129978824191284,1.0464337902347984,0.7898752719251635,0.9916944275854009,1.1232230712576468,1.0167230910751315,1.1403363479313844,0.958170386646265,0.9114877284600053,0.9940480118297748,1.068956067684428,1.0139618327638351,0.8195029010219248,1.0475135123317538,0.99418934816976,1.0710212810569122,1.0882152595006234,1.0394195907961516
104,1.149068447364707,1.0708560801230127,1.0452307007424653,1.0834698940812129,1.095166557615279,1.1116433511532295,1.1792922860783133,1.1498157989078226,1.0342476308128343,1.0685825235547752,1.079704138371391,1.0470705253646138,1.0496424177850265,1.0774023165584288,1.0632983554176771,0.9482833469003076,1.1078451744601954,1.167439710284486,1.0668973235961225,1.1858435897774104,1.0249670500534183,0.9780026475014877,1.1048261571264666,1.1021854634752204,1.0663264367692076,0.918024663999238,1.0762821084217657,1.050315699254926,1.1093443639621325,1.111967099534914,1.0689067305618736
105,1.1634956309052713,1.0984231832663491,1.0705250380266962,1.1065456434370666,1.1076261296838406,1.1272888055980648,1.1951462731263145,1.1547129545298895,1.0856247922869173,1.066932688922321,1.0974814199182055,1.1148407677217334,1.0551156179440402,1.1014315017905603,1.08015180559771,1.063213331209663,1.1596112397163651,1.1762836904604974,1.0903679454625717,1.1897910928341735,1.0557991731297889,1.0166248300392042,1.1594397447194447,1.0995924568239326,1.0909988087160403,1.0516147441602517,1.0788073339718642,1.071874134241288,1.1195998173324866,1.0993166491836681,1.08081902710597
106,1.17935207763193,1.1093634535093477,1.0627159444750611,1.1256509578530016,1.1112017593172112,1.1480649428160392,1.212644081853455,1.149461917121759,1.1209875577001387,1.0653613840016245,1.1001792388552514,1.142239875833296,1.058623788265821,1.1008061667886906,1.0914964592015046,1.1211079747119421,1.1689070966645705,1.1721640834815021,1.104022864480943,1.15913608705942,1.0649420499436384,1.0293866252590387,1.175701290991223,1.0945383835854838,1.094540037691912,1.1007545053150782,1.071182331237156,1.0716137558872656,1.1251006289929089,1.0863012822369014,1.0767446940665393
107,1.1779905206663102,1.1230027816577919,1.057484262233077,1.1399339121217333,1.111953092554525,1.1651782170278668,1.1969322198504961,1.13428524640529,1.1320453672388013,1.0609144412984788,1.1079596047715665,1.146529655218482,1.064141020129783,1.123714647006698,1.0982947631784803,1.1391197687804497,1.1687396877114944,1.155423523619719,1.1251808031590604,1.15156086395354,1.0657385390625516,1.034105279534761,1.1812866391690127,1.0832040607877116,1.107483904071348,1.1246858435554599,1.067410362873031,1.072129549539937,1.1194772944063263,1.0984869763205638,1.0794607476047813
108,1.1320579061896257,1.1020078046017283,1.049344561169622,1.1121990727986604,1.1042432580741306,1.1514417257562415,1.158444723993586,1.151264276306265,1.1388027966540333,1.0502737141375948,1.1064372895519616,1.1475488930878686,1.0638394862793925,1.1227403329389904,1.1016021838486265,1.1474905040641339,1.114823211591167,1.1606616386347663,1.1091250713939054,1.1576666327890168,1.0667657947593927,1.0387431220034884,1.1672191041398203,1.0711163369027086,1.1094721898716329,1.1435802417641487,1.0701517245315892,1.0671462069063222,1.1045680301561434,1.0966688737307282,1.0774401370030509
109,1.1084598900948015,1.089552584379291,1.0503712434303434,1.085219003977195,1.089065633616285,1.125085541306885,1.1291880530035492,1.138259762097827,1.135474459514297,1.0386248960949767,1.073614829622602,1.1401796412092275,1.0272492610441633,1.0959339441026537,1.0890032219316437,1.154398591636116,1.0955807004903428,1.1455100307676216,1.0929518133390066,1.1469075352770797,1.0566125892696263,1.0842286194093587,1.1638817020294687,1.059586085899859,1.111579335600527,1.0965973319748223,1.05510497307601,1.0527132892422726,1.0850547543492945,1.0779502277983535,1.0734606021152155
110,1.0883535136755178,1.0731009617744547,1.0374893998933432,1.076183326192907,1.0834373066552154,1.0971553750117546,1.0894632776878452,1.1298496552053716,1.0923859239874862,1.037365795962152,1.046758956513373,1.120736416015459,1.0134983212350215,1.0634758815200411,1.082450721715899,1.1326589480903355,1.1124675720925097,1.1235583777859883,1.0779673104062744,1.1352108104989016,1.0509332416780333,1.0889225657278012,1.1504731213200294,1.051208980479786,1.09356410662983,1.1087360411883396,1.0375986182791443,1.0346097439058393,1.0670067179694218,1.0595981381330983,1.0599562136121614
111,1.0764386450889418,1.0584826214201062,1.0366713482816132,1.051626110507517,1.085346804174522,1.0782891749843122,1.0606550048926588,1.115531383935353,1.064039635027224,1.037432530788373,1.0176685685151574,1.106674391504195,1.0249690523179584,1.0379061377374652,1.0832804163590541,1.1166069735449216,1.1175798362405165,1.1072582212208337,1.060865762221601,1.1330024638064449,1.0485913403341762,1.0610721822467617,1.1324923069704367,1.040708625697914,1.080562466372371,1.11966254044963,1.0377434250062803,1.0295428325052085,1.057176608453502,1.045841170385593,1.050065011196665
112,1.0866976353471056,1.0524086233929055,1.0437019680740465,1.0309431853856699,1.071380122458164,1.0697004078052705,1.0795337652702486,1.1015773721233832,1.0555255197869156,1.039364297410895,1.001447783845604,1.1059590809579947,1.0722695964944444,1.050723874976036,1.0908270940200644,1.1159990838984535,1.1264985598258832,1.1058982048723505,1.051786417759986,1.1312622145955584,1.0579176425325845,1.0443563646436935,1.1281256252974035,1.0359826036421533,1.084774007712196,1.1049989726276062,1.0581267094772557,1.0517605394841867,1.05389909145002,1.056219977370783,1.0510103610020787
113,1.105854550678747,1.0695416803155477,1.069326702489974,1.0286058698826859,1.060694222390617,1.0840993555685017,1.1461177970836247,1.0899431041791439,1.0610556015152128,1.0396036476115351,1.023322394464345,1.1412415626662953,1.1415802615729738,1.0899792387162335,1.0832131957653783,1.1397640806237752,1.1338465338120691,1.0995517649026483,1.0630617308809192,1.1222426903450795,1.0869903818127515,1.0639828488575194,1.1444844893019652,1.0337230682573755,1.0887016984059303,1.0907079754016875,1.0759707337359312,1.0758534741748655,1.0594410172445503,1.0667031234875548,1.055893252491836
114,1.0946912331896614,1.067100618787655,1.1127287685644383,1.0429250666550192,1.0518545278558127,1.087488707757779,1.136184028503435,1.0715675245617953,1.0749754629971888,1.043830567109757,1.0603186344478606,1.162418311469247,1.1902784322048536,1.1218225404815163,1.0745464274494472,1.1836452880963104,1.1318972157939633,1.0903880428770465,1.0691289374177033,1.097454189765592,1.1190425071899168,1.0888222825151783,1.1118709060931462,1.0344607453985633,1.0937087763176223,1.089268898439965,1.095116044633051,1.1089690665662109,1.0511127999903367,1.08995080223537,1.0559794751428397
115,1.0506724706754642,1.0396350288416023,1.1401356095803543,1.0307891226099173,1.045545720140656,1.072991321185731,1.0686574068350962,1.0456516482589644,1.0926381425774108,1.0335342454423813,1.0416325388383367,1.1495716637171969,1.2199779134386093,1.1564527546393144,1.0769279593703567,1.1869338039583428,1.1323751651134133,1.0730285471250431,1.0664144296550218,1.0841369614143508,1.1476492167814034,1.1168133063520804,1.0841408341693684,1.0298594132942878,1.1059899903547186,1.1095270578171414,1.1128450957275584,1.1413568877397928,1.0305497246325637,1.1016066204790003,1.0631771275543285
116,0.9953647390142499,1.0043237078958263,1.1240967253005683,0.9938074910688608,1.0143518535677511,1.0250419727270694,1.001513273241722,1.013094497696689,1.1034815788690266,0.9988403275829104,0.9989979965574366,1.112541927243119,1.1742688680880113,1.1621385295484647,1.0696655582403367,1.15726920454404,1.1062741657345696,1.0359631371175146,1.0318009972900102,1.0338468022182918,1.162965335642802,1.1329310865525948,1.0445697059931127,1.0119939203210504,1.0991142763919162,1.131692170034402,1.1040434120340648,1.1644284303474484,1.0018458065061355,1.0714846263924838,1.0578424798799546
117,0.9329672686813579,0.973647189106658,1.1038194819541902,0.9752924751173931,0.9553283157339221,0.9808801140816062,0.9546004920328243,0.9591579928255829,1.1031203230770172,0.9997921638166012,0.9696741692454113,1.06343008819692,1.0765807167609907,1.1434909752848221,1.0382594080433767,1.1083838842563376,1.0517381428502472,0.9594653761284084,0.9918563411630885,0.9465666559979022,1.143374206578234,1.1123090267132345,0.9938182743421293,0.9891068080846223,1.0541543644035622,1.124545142478658,1.0400587383522097,1.147024900252779,0.9714425817630946,1.0041471848756793,1.0151363436886958
118,0.9190021641109631,0.9941639704818396,1.0746433984535444,0.9608323101267929,0.8939471281296203,0.941679848954462,0.9007105516800334,0.8897459440474667,1.049646669615474,0.9839911247235749,1.0229393567587313,1.0029383058651926,1.0051913354059163,1.0864197106345908,0.991316224386233,1.0589036798227984,0.9652615135698419,0.8719510561695957,0.9769693187789857,0.8539663938359328,1.0948407252010601,1.1413619684199345,0.941268379237547,0.9648484007209953,0.9843280150124486,1.0952968269021979,0.956323411553139,1.0873775956611365,0.936570221542046,0.9424600858152907,0.9702258594026538
119,0.8490353899984926,0.9760559856757233,1.0056682850486673,0.9247811775761094,0.8439848410465532,0.8713708004555532,0.8339791459858618,0.8250319194537326,0.974554240163649,0.9354321539182652,0.995075350816123,0.9218525252569053,0.9315393826523062,0.9657140987826783,0.946198185630647,0.9915179380903528,0.8850973005567441,0.8005629335024711,0.9352243620131925,0.7742493452066076,1.0334897636736327,1.1011430861728602,0.8899123855019355,0.9359987174379304,0.9127518870653613,1.0361858752732493,0.8963622963947768,1.015427650241469,0.8959937507228285,0.8707797013805662,0.9275132181461668
120,0.9186827178635714,1.0053867179792597,0.9663276017081139,1.0067147839031445,0.9166749783477264,0.9385795191396407,0.878720560377236,0.8802344113243987,1.0137109504747135,0.9582416349953319,1.0007611070112419,0.9268625882692274,0.8993792852191941,0.8938011032036357,0.9552589844636843,1.0155162721272504,0.9359527421828548,0.8366013342865323,0.9839271005095315,0.813530700647267,0.9536431461275751,1.0048988174652804,0.9275235975740942,0.9600321682104044,0.9346905697593124,1.0577933625368672,0.9244678534679625,0.9680937786895709,0.9406021002908266,0.9114784651253744,0.9564001746104183
121,0.8692389982904053,0.945334296095238,0.8948178499870967,0.9975177730157916,0.8991101373383853,0.895025984238389,0.8325401277308268,0.8441943751674238,0.9398237560876386,0.9321872682244046,0.9763881961242726,0.8705501588634076,0.8680527629873768,0.8238836646534589,0.897589048489696,0.9314717169711657,0.8800507863689072,0.8070414109446133,0.9483732674754375,0.788034490511063,0.8651955017535967,0.9076040856861184,0.8627710484932126,0.9331965523203585,0.8909883687675016,0.9741883768691948,0.9007893442747902,0.8814225038542771,0.9160299008683424,0.8725196389145383,0.9121625999079251
122,0.8406093915136166,0.9005488645873629,0.857889430885439,0.9756847952306915,0.8977473888358901,0.8696313400910954,0.8086605547368031,0.8310388327342783,0.8833119287276304,0.9189520953905711,0.9252121212144895,0.8411950822037686,0.8372794506983444,0.7931021936138777,0.8444583779082635,0.8492758810048003,0.8459285775412585,0.7930265627640221,0.924683347264373,0.7743718408075178,0.8075954824718544,0.8406956840194403,0.8262383567030708,0.9187109596852818,0.8680375034926336,0.9111633543833215,0.8894807997917613,0.8162316430879364,0.902689909144028,0.8632590282622973,0.89074817717105
123,0.8141154131231895,0.8756929742412506,0.8391636273142492,0.9598003864053151,0.8935327259970368,0.8639210098282483,0.800326195237632,0.8219102210207423,0.8516163155492531,0.9124131754228143,0.8807006133804189,0.8116850703285488,0.8185861302761903,0.778262979872586,0.8224013370762995,0.7914614051718174,0.828480801794664,0.7859636250403301,0.9195476074133452,0.7743357997465765,0.7754713683495655,0.8032201643293387,0.8087943922224083,0.9128513815744482,0.8602482643142368,0.8728148619517618,0.8902330468276897,0.779456171558508,0.8959416959643229,0.8584715950144888,0.8886777943812338
124,0.8203626222888,0.863891987879526,0.83440215803833,0.9258805910693746,0.8846725992192059,0.8667586133010131,0.7992877159328144,0.8311320434686998,0.8347907675941235,0.9172552668922572,0.8667491547922149,0.7861183300431919,0.8165093259384436,0.7784048088612507,0.8239638402484116,0.7596153230568046,0.8226920686274122,0.794570202313613,0.9154159511204117,0.7912892972245846,0.7593204766412837,0.7892108397580047,0.8021434455701125,0.9109535191166884,0.8517170012773876,0.8517098128852493,0.8926722000893516,0.7652536346860008,0.8926618424536615,0.8612359368949299,0.8903307061025878
125,0.8614593258405641,0.8630481373195452,0.842730604383389,0.9258847482368673,0.8907750249785851,0.8681433497346743,0.8121793060302754,0.8638208994200849,0.8275956308754366,0.9401815918189694,0.8817190659005182,0.7663100251609496,0.8246674139280653,0.7921951807066436,0.8391394188487085,0.7461289504077698,0.8303092817434242,0.8432592633954554,0.919668719019401,0.8476178228925757,0.7666607714334533,0.7983062818742381,0.8035926882582909,0.9146971749290365,0.8441821487596862,0.841864085739772,0.8994611467387231,0.7774454681041014,0.8979609835000814,0.8732720611559384,0.8897398594651346
126,0.9256724507472401,0.8837588375786165,0.8735570813675139,0.9288543127106561,0.9367054197447213,0.8879654007811427,0.8597949165097865,0.919400579771641,0.8368923014078636,0.9556373085372991,0.909004109623173,0.7740464691445292,0.8610849879811153,0.847464200812944,0.903875378652071,0.7415818528753747,0.8723871701874248,0.9196650425413826,0.912213304715618,0.9321845976570363,0.82009935881934,0.8227250183203063,0.8337358764258637,0.9317478929230418,0.8822488522854144,0.8342281089691987,0.9382290205896489,0.832518697728961,0.9198294944357415,0.9413967219759207,0.9238535697977334
127,1.0119005601050977,0.9220547280975062,0.9291557192250323,0.9294306457034442,0.9875671145527996,0.950134217925591,0.9471574898279329,0.9997405523347735,0.8625314583045217,0.9816056821414296,0.952685077565136,0.8355875955777087,0.931012674528108,0.9268650872531192,0.9764281363034697,0.7699816710988631,0.9616622085490243,1.0093268106778808,0.9524473895956872,1.0366758366597713,0.9089370249699141,0.8595088918302434,0.9025984695429874,0.9637004355846172,0.9484834155366906,0.8283585098784256,0.9935025088960301,0.9281755404416666,0.9565015210312522,1.0119511691015837,0.9673334334830838
128,1.0831995323613333,0.9855901300888776,0.9964694820827292,0.9634512758556548,1.0354479503564682,1.0268201745420489,1.0384973651406084,1.068947849187379,0.9141382849773455,1.0029210210758057,1.0103697003336838,0.9302094520386961,0.9988200903860205,1.0152967742099186,1.0256437391048885,0.8451651416337678,1.0538999633161485,1.0867171293533937,0.9930037635462109,1.1104016693804564,0.9943436922102248,0.9366926904205296,0.9956035107322652,1.006551478382482,1.0191533891551767,0.8539889643209455,1.0335200764349248,1.0154748030298117,1.0028889266958099,1.0797598837986024,1.016131607011014
129,1.1253079492044233,1.0486203772437301,1.0421139998697742,1.0056461376204004,1.0858149738962972,1.0876795655157885,1.0992464060639047,1.1020580458054228,1.00439370636,1.0150943727925263,1.0533822901623604,1.0343991373722916,1.0306432347096421,1.069221943813598,1.065264832340204,0.9457653854917781,1.1180876137132927,1.1269312242274336,1.0334349558068314,1.1315962098430106,1.049736859554963,0.9980302671429349,1.0857818204810552,1.0487436697418762,1.0723243020590438,0.9424395078583685,1.0483747842313873,1.063505539764658,1.045724941232215,1.1048567340429374,1.060321901310041
130,1.150223344879643,1.0802683805775992,1.0502132637997794,1.0301317865475574,1.114013894972965,1.1229787373305278,1.1273242133627328,1.1054169190329426,1.0814718376988866,1.019322433847265,1.0639013649014952,1.1040058654241267,1.0479186808452474,1.0891092504371669,1.088519754611917,1.053586179985686,1.1278087573501074,1.136358904156658,1.0546652061375785,1.1248361098803052,1.0708517428485158,1.0240437628484929,1.126211252985761,1.0716552889999178,1.0946959895453183,1.0174738922017341,1.0484379003677238,1.0745034996671758,1.068284536392851,1.112503804366834,1.08011965654506
131,1.1568635186765142,1.0981514403489478,1.0528701405189156,1.041712304131198,1.1075933618690685,1.1424199713774361,1.1210820061139595,1.0990383955433933,1.1034719314318038,1.0178051014321692,1.0806236898756825,1.1229031232013194,1.064049245773759,1.110591625019259,1.101021618048987,1.1119111787998823,1.115660775308212,1.1328161697309307,1.0822283840101221,1.1148652336451768,1.074797812129755,1.035480520911534,1.1343136006174517,1.0675852183203014,1.105079854664061,1.0510200856771177,1.0416501225339947,1.0789382487745607,1.072425262786983,1.1222204722046925,1.096093918005494
132,1.1064697418356093,1.0932217926680805,1.0500074923168503,1.051680736821493,1.0909851040582181,1.123708985093142,1.1001024253927207,1.0955858521272777,1.10548110593811,1.0124069220517253,1.1076728959252458,1.1212372245280433,1.065611951915318,1.1087515220360278,1.0987497338448937,1.1333933303943347,1.0768315123210785,1.1231696618708458,1.078902111844993,1.1083486842438999,1.0739339683568552,1.0435458994013764,1.1239236142399025,1.054551769439067,1.09828127816921,1.0791394718616387,1.0321291592947013,1.074845742482847,1.0649449685162593,1.1105962571588535,1.0792838571229653
133,1.0782837385453699,1.0684187887540872,1.0349434938646216,1.049243270136656,1.0759122511210664,1.085653056578342,1.0805678777353196,1.0851614926106912,1.111953860314649,1.0097187882292062,1.0512579336209478,1.1083756220333174,1.0187660453429093,1.0768024199744404,1.0716968287244941,1.1445213412775028,1.0304010218974886,1.1031447244892412,1.049979763445718,1.0964495090898867,1.0684586017459572,1.1100165953109868,1.1049216750539137,1.0414808742684671,1.0932536568823925,1.0788398944174897,1.013798184609885,1.0648070876395368,1.0529221321704947,1.071166398539974,1.0580847383703376
134,1.0582571041901496,1.0453598394843113,1.0123755911009098,1.0413881385080093,1.0673852282788288,1.0530425862093682,1.06581954111495,1.0798858242150262,1.0843018803422544,1.0192089230372374,1.0180532250992196,1.0812464554965664,0.9996465736351161,1.0368658688991,1.056007629376464,1.1241843679798524,1.0140459240958948,1.0876781025660094,1.0279544949282011,1.094414290966846,1.0600601599118769,1.1142219045553154,1.0859565509237281,1.0308785701183465,1.0652640259291013,1.0496035539284374,1.0053410843714392,1.0429221135289812,1.0425661920242442,1.035978815164468,1.0339569900932613
135,1.0531858752001828,1.0335580835209162,1.0085434046364443,1.0293739812426888,1.060763576431284,1.0375862493362735,1.0620103692503007,1.0890225924678096,1.0414744461837184,1.0372957743120699,0.9868125628020581,1.0610113773312246,1.0184110484063151,1.015104900593891,1.0510822485864026,1.0936283745866244,1.0119690125403298,1.0930292227021738,1.0117528988870859,1.1134347003515301,1.0534332736413354,1.081402657088713,1.0708372672200954,1.02706255363474,1.047503059631781,1.0438268616582762,1.0162633713232356,1.0327659412280452,1.043408106302362,1.0208271825407236,1.027731096496084
136,1.0696423818711536,1.0324264392808646,1.0278291860125945,1.0212249001258593,1.0492734241999846,1.0372671045156108,1.0974628571923093,1.0977936264588324,1.0148994363594843,1.0580451446281838,0.9752198809327137,1.0630079850871668,1.064453201624814,1.032464224784284,1.064427513659541,1.084517258385889,1.0289594439516072,1.1099322315258409,1.0139994877393723,1.1277290347817992,1.0635010046785163,1.0584922718575163,1.080667843122596,1.0341528610479647,1.0546178980719452,1.0262930147152856,1.0469147351782835,1.0499647259157343,1.0568316723922524,1.0291744352027263,1.0443483518065797
137,1.094095104456623,1.059368633599884,1.0732494242365715,1.031580689414079,1.049513262172074,1.0690130518344225,1.1862246426148442,1.1022890013416964,1.0127263680180918,1.0721939168669863,1.0063332685100388,1.1060441394283707,1.1382310735130778,1.0777963605192484,1.0661065472761508,1.1148136650893603,1.0750464716371684,1.1182546835632532,1.035408747976622,1.1322951625393074,1.0913573428629415,1.0734417409970065,1.1174719681458962,1.0487258518548421,1.0636094316924003,1.013549028413147,1.0769542998503983,1.074478227955266,1.073106047430841,1.039881413712544,1.0460320602492577
138,1.080966750541877,1.074842144185309,1.1205732455940347,1.0520530538906399,1.057511544725105,1.0907414377255005,1.1868831267818294,1.0994901548754967,1.040865867513873,1.0757243007423096,1.0556675488894205,1.1580301792144452,1.194983313434553,1.1217910624513034,1.0744954613111612,1.1822276181172184,1.1163681907961798,1.1195841161845603,1.0635542635682533,1.131906322526917,1.1273862830931591,1.100610985542769,1.1214629927484425,1.0563693183033374,1.0775965416342084,1.0541713354518918,1.1056073099920647,1.1050733941005468,1.0761508571838343,1.0673150826001476,1.0521962301401737
139,1.0544484139187529,1.0630780285272612,1.143661707983613,1.042693879005396,1.0518817376795417,1.0789831330525883,1.1184862162100282,1.0819351786081022,1.0716212745091134,1.0552085215416012,1.0523084764893382,1.1630151716961479,1.2162888002789773,1.160159921431724,1.0916581491359956,1.1980842260911468,1.1444781545163314,1.1060908301724182,1.0642682399033008,1.1222485917994112,1.1545138175751335,1.123429032908873,1.1078242798021054,1.0525736384564137,1.0901933786043294,1.1070532082229128,1.12624728145685,1.1422622891384375,1.0649909917059246,1.0847741954942733,1.0599282051131225
140,1.0146224127616554,1.031013215713141,1.130923467133138,1.0121078812875741,1.0277660845396581,1.0292125172892232,1.065306281103737,1.0565645092740374,1.10590868356288,1.026827636011318,1.0178138641248102,1.1313823853978027,1.1970306104827133,1.1806286663826842,1.0890056579278504,1.1652772449371338,1.1204535602962213,1.0778520227889838,1.0341166107102926,1.081480051898183,1.1759712460396896,1.1415187895719694,1.0791078217647987,1.0341554604744567,1.0848548123990545,1.1521821479040182,1.1228141832684946,1.169024451733263,1.044538421371952,1.0705319343766226,1.0627210288678006
141,0.9653957120461614,1.0053761821558749,1.1086264888528363,1.0028847754112538,0.9820395188285995,0.9934122038655862,1.0244903506336078,1.0090551275725679,1.1335005697748066,1.0390189503419798,0.9983277809104175,1.0900136390104942,1.1079115476615122,1.1655285859316449,1.057722046263822,1.1154070116131403,1.0678018057591847,1.0117840206582291,1.0025024203107236,1.0024162563655359,1.1513598403318483,1.1175084800901782,1.042598228108264,1.0145261190565766,1.0468755379145436,1.1546661734691832,1.0629548055898015,1.1500270439381548,1.0201954692775297,1.0184788014162283,1.0310995681981043
142,0.9604148585021038,1.0162498470804526,1.0854070448170934,1.0019155476693917,0.9401495916810035,0.9727314042837898,0.97546321323084,0.9485286885014009,1.0971612991607198,1.0328996049084882,1.0721798270736178,1.0403971451972782,1.033067461303957,1.114502150314875,0.9961915842732341,1.0692678647492069,0.996309350521544,0.9266821476027343,1.0063105264955232,0.9160399133900677,1.0980132218918504,1.1307634506380584,1.0076641222086213,0.9941340439469888,0.9894935673137385,1.1265675045742478,0.9783212292330684,1.091065440794475,0.9914359467037329,0.9534799634163355,0.9887842637444395
143,0.8865820812359673,1.0047401329923615,1.0241484942709342,0.9731436060568666,0.8971631061754908,0.9085903864105627,0.9123662416750056,0.8877548271358856,1.0263563388330865,0.9898345647580546,1.05685624473749,0.9730013766413652,0.9475950891292332,0.9914055042233229,0.9392921335233956,1.0132167381536343,0.9244148049842448,0.8505205564434684,0.9716414375753709,0.8334978731512795,1.0353580025607998,1.0846311674307791,0.9482555770550682,0.9709631996103499,0.916607152140836,1.077064882111519,0.9118355515877926,1.0217440121574883,0.9573680801244612,0.88487000951897,0.9439202120071031
144,0.9172798302148699,0.9900404183903196,0.9479079212802421,1.008623660260096,0.8829787761773066,0.9290402978769581,0.8692625337325253,0.8655775221001967,1.0327459959983893,0.9758190126101832,1.0235295548433492,0.9189013371214956,0.9450773459815804,0.9255015832021986,0.9214343960166229,1.0150147122004318,0.9652544677163823,0.8313875732987097,1.0469039585423678,0.8120357547446935,0.9428673749240498,0.9567490806037211,0.9382709198048811,0.9612270023642471,0.9481101811847962,1.0650259596696277,0.9497075423050532,0.9814908161684175,0.9326828153336704,0.8865268498295511,0.9426436040498376
145,0.863417173257594,0.9369094308357911,0.8810306767832321,0.9966492026511773,0.8705944916162479,0.8811400810293437,0.8249334872807005,0.8372660724824724,0.953626326664013,0.947569131886082,0.9992337172502899,0.8664432795605084,0.9085014674139534,0.8528401289872926,0.8754621107968641,0.9451803922374453,0.9022404753671233,0.8024280402099958,1.0081453420456117,0.7882155939631439,0.8555252427677883,0.8716030330533742,0.8788280464045275,0.9380364445538785,0.9005212909642445,0.9788707167466004,0.9239862946641708,0.8937234676162298,0.9107253978849136,0.8748898290934994,0.9009237880779201
146,0.8426051128783979,0.8962698338112519,0.8422375616053615,0.9692617236094822,0.8711867663993198,0.8561467739434907,0.8066580679259512,0.8212179844141789,0.8949920200576956,0.9321586413555492,0.9423096623236337,0.8358269622077484,0.8708967209790219,0.8192375323606228,0.8284076560565614,0.8686680499367797,0.865889846444056,0.7881755449537767,0.9656963853875193,0.7750140304737985,0.8070454046065577,0.8063263669219597,0.8434454257163027,0.9244678702310684,0.8745850441097017,0.9131188414457927,0.9093975447407384,0.8240263911720854,0.8983106525629028,0.8609538474385213,0.88245723355981
147,0.8153010180677102,0.8726658170918059,0.8234514402726164,0.965066799096023,0.8651198567987741,0.8483263708144687,0.7917130226173206,0.8120402562029847,0.8606114025765479,0.9239888850503789,0.8935866613281087,0.8052818115121787,0.8468927913419919,0.8009998562029893,0.806538400562656,0.8113910534383818,0.8414361297614675,0.7811982338439506,0.9342416769005989,0.7707458308512016,0.7675286710446054,0.7689092128510862,0.8260953350345412,0.9177131543729977,0.8623259225536747,0.8730407326785192,0.9059272917910259,0.7846080417315917,0.8912295055337662,0.855633402084082,0.880724597924747
148,0.8141222738402024,0.8622022442066195,0.8175224803469548,0.93377323833923,0.8517802530884111,0.8501301001921823,0.7889350085721956,0.8161344273921318,0.8427204058935672,0.9239747117555516,0.8726082928684049,0.7783378077390631,0.8399851849546606,0.7978421207841572,0.8048637048306304,0.7767509897071735,0.8338255007269658,0.786510165531013,0.9245233595620669,0.7866398119649546,0.7519367133690825,0.7544037601600287,0.8188014882889049,0.9146560459729134,0.851265616155201,0.8505622932696679,0.9039314444252451,0.7651322918681176,0.8871152378988643,0.8523208175566928,0.878565922134915
149,0.8338737643943298,0.8613207712781615,0.8208417680755498,0.9308107421451354,0.846894566394021,0.8447680779491472,0.7977809547979042,0.8411866964956538,0.8386966555919574,0.9356714015469773,0.8738133493742581,0.7551478917335108,0.835682813959926,0.8036675577132328,0.8128572413339992,0.7605874923318657,0.8357099999756344,0.8220362501717176,0.915047256619083,0.8212167401226228,0.7530110416911996,0.754398496998298,0.8153849981254624,0.9163306475517745,0.8422573308069611,0.8406625049872581,0.9010612386964407,0.7662383646090158,0.8890975311909926,0.8604905598400165,0.8739445890503095
150,0.8659545265910573,0.8729726431795134,0.8389969056786465,0.9193237755655949,0.8799390301200857,0.8394057095601187,0.8339317097304737,0.8878679685676881,0.8436001070943431,0.9408263546234309,0.8813900796170853,0.7514517326868789,0.8472157121004008,0.8323484619835201,0.8585564548245685,0.749531250493542,0.8440492815633536,0.8787097238052981,0.8953967399813048,0.8911696580726098,0.798688120235137,0.7760230213421317,0.8243322649583809,0.9261912255200718,0.8556445160177071,0.8335508927778389,0.9179094319091499,0.8016503344770674,0.9036222826021019,0.9023753154000594,0.8977853324568335
151,0.9414668936294476,0.8924205302273779,0.8820690170115764,0.908861098042286,0.9312491948085874,0.8773447892956361,0.9031759833862681,0.9624152568127851,0.8461096233402594,0.958407199866614,0.9050638167041318,0.7838113615251705,0.8872865400907541,0.8752313612305211,0.9319176907167697,0.7591593441669617,0.8772525968959158,0.9583129706209553,0.9151328390532438,0.9842875587330824,0.8869234747530352,0.8324363950102105,0.8581743400360058,0.9446463116612408,0.8959946194367067,0.8163527353905634,0.9565341005117962,0.8829184777720428,0.929303631464662,0.9713378005683523,0.9416389724829322
152,1.0109833325464745,0.9433917696764498,0.9542325072659664,0.9312935325935879,0.99131952555414,0.9488069688402896,0.9905865576579963,1.0338446450272256,0.8660849824531824,0.9795942905169813,0.9576895045728756,0.845031701323303,0.9377413437518777,0.9594857151503109,0.9987523807318243,0.8029211266002694,0.9479687977005805,1.0419590373067469,0.9441354488410806,1.0693845737433854,0.9785406923072969,0.9278505166662336,0.9236247316239832,0.9750239773630157,0.9562364007562403,0.8223026382896821,0.9880648114744016,0.9745341445584955,0.9675770747633126,1.040480679892572,1.0023462670401087
153,1.07139705974571,1.007392118656911,1.0133405354553426,0.9689857777519245,1.060186753032404,1.0176510332820055,1.054350192602852,1.077458783270968,0.9370040442754765,0.9990861661939159,1.0104408093772315,0.9393085763209863,0.9910480641938944,1.048196650225212,1.0563609743244842,0.8786685545270554,1.0231081860966522,1.0924496396543206,0.9875336065306086,1.0994247772714592,1.0446310959086698,1.0132768694132668,0.9945348840988255,1.0121389375139986,1.0159118855057157,0.890128229285661,1.002178223452547,1.0465887132852343,1.0091398796879567,1.0789310633710918,1.069004358814874
154,1.1211001776048977,1.0516532266944165,1.0368435856835472,0.9975872901215586,1.1026808926405933,1.0724665397127129,1.0855331637640153,1.0872502362467824,1.0098065793163127,1.015090291565187,1.0427539209598582,1.0335733296421497,1.0381209461082297,1.1151590326324898,1.0920851090048977,0.9824818222711142,1.0634526052981443,1.1079821236588299,1.032236833103918,1.100941493095622,1.0774031714970147,1.063893431322116,1.0453774116391563,1.0371616114573992,1.0530746784865674,0.974057533814634,1.0039906412334247,1.0797601234742895,1.0385659333697352,1.111925209951044,1.1073913647398999
155,1.1385848648283534,1.0861879287140959,1.048554126202355,1.0171211718832975,1.095539705481868,1.1270459280319383,1.0927675924752296,1.083984363071846,1.0505357155876538,1.0181091152101132,1.068818678320359,1.092082162129734,1.057113396160535,1.1522231454742604,1.1058908661910227,1.0672656222076264,1.0817820751610328,1.1095356174533881,1.0741281066267605,1.0970222067442363,1.087012052584812,1.0920222383391298,1.0728222396944014,1.0434481223549945,1.0657094925224964,1.0374147667486766,1.00595963018377,1.0934605854604742,1.053993912997851,1.1370056952129766,1.1139808501711816
156,1.0829547786407436,1.096852769701254,1.0518767309311117,1.0394633955479156,1.075227987356769,1.1162034299651376,1.083555785709139,1.0811952535054397,1.0625843650850453,1.0115046414474402,1.1006831969840627,1.1197965045854845,1.0319323448900684,1.132671452718756,1.0943888821984311,1.120758086544628,1.0788284534083756,1.1035277439117361,1.0679765269598,1.0916938611154705,1.0841447565909885,1.1063160045044822,1.0876395970660457,1.0394726859420318,1.0680968152713273,1.0871744557362089,1.004457840170486,1.0849215482808334,1.0548883244175475,1.1065383286485146,1.0730985489126108
157,1.0508337943546033,1.0618862970922163,1.0337162621130855,1.027137692479941,1.0651954512106576,1.0723096443328146,1.072617139495459,1.0768287034539499,1.0822146742554102,1.0074388675779242,1.0292556062236606,1.1293281185039712,0.9585807840048103,1.0715705367060642,1.0662003649639045,1.1623634959785765,1.030180063757448,1.0932374950048924,1.027275963836071,1.0857093841071204,1.073318344346641,1.1123634827070417,1.079611683042807,1.0334797757438332,1.070359363284806,1.091642148319101,0.9934026233311235,1.0647308624748204,1.048651762847819,1.060556241436031,1.0410772857388122
158,1.0219289684187003,1.0296847160267317,1.0126214784371554,1.008253762387557,1.0633614867963166,1.0387488896836246,1.066726166994597,1.0792856247031617,1.077603596061366,1.0132181152919988,0.9872863644344179,1.1099821283599844,0.9438663681000321,1.0110802356187876,1.0559953660454093,1.153514287496181,1.0091281142621715,1.0851735436035332,0.9975366517601731,1.089063961645197,1.061362662551289,1.0964130442567492,1.0626828514586881,1.0306400662683564,1.051376058793785,1.0461128432469364,0.9899114818048539,1.0316765601356597,1.042256550879754,1.0367010502937626,1.017820336874893
159,1.0173103462214113,1.0129335331149585,1.012978713986153,0.9971329498040647,1.061207066176066,1.0229907656383592,1.0662880575452516,1.0966119768737814,1.0339713899607532,1.0271383715294453,0.9561464720598518,1.0948181214376056,0.9753003174003498,0.9775457364871216,1.0520432623580955,1.1127929846049156,1.004068016789307,1.0986240664579243,0.9800259863179706,1.1218897797582477,1.0542585107568287,1.0747895073475269,1.0497423642428114,1.033045094753572,1.0338317144323563,1.0248441758402802,1.0059444117538863,1.0161735604056272,1.0465472560067588,1.016130572163194,1.012894234349238
160,1.0467340151462727,1.0086445614025044,1.043152830360395,1.00597128868445,1.058282644733515,1.0292126480148556,1.1095789418598174,1.1141538486198515,1.0084104839238246,1.0424125047861101,0.9487973697612107,1.1036932167966826,1.032960333273467,0.9895412340849667,1.072016473824174,1.0911072082905684,1.0130041658368383,1.130045204113717,0.9842069480837347,1.144760680022448,1.065241261612369,1.0822307662391413,1.0648403898632652,1.0411651776987716,1.0471798055069068,1.0045243120507736,1.0441200059048312,1.032694849349015,1.063554693931081,1.0177232919749641,1.0335081694192196
161,1.094089611353984,1.0463604670523323,1.10197909059832,1.0404350560976494,1.0734327822034186,1.0784824702485758,1.216361986930086,1.1298113968549839,1.0035043489965867,1.0533652863128473,0.9911455887063055,1.1475057187295852,1.1188987867052957,1.0412107975810623,1.0840549534740846,1.1119518121467193,1.0627872833865768,1.1518064780826227,1.0168154386191823,1.162960527937779,1.095715865186801,1.102031225560263,1.1372675803512355,1.0482822990610807,1.0706180321321492,0.9931753000473406,1.0849057605437586,1.0638514508464056,1.084494866465758,1.0313710376284115,1.0421612314534574
162,1.1273209892368818,1.0871499027670728,1.1549487878315245,1.0781055029982956,1.0992275927344457,1.1246262297516203,1.229080709180477,1.1384131504317754,1.0408042070320251,1.065257818274976,1.0609376822287817,1.1870060382748797,1.1845358271538085,1.0890237317349407,1.1017236926510363,1.1684771268277785,1.1154263288657822,1.1683059380522642,1.0536463462461174,1.1750734923145956,1.1316408071445259,1.127890346872188,1.1663448025875531,1.0559071783255733,1.1013200666532375,1.045972986540615,1.1206443638533532,1.0992919715078024,1.0981958396262663,1.0660141639779876,1.0607693056129555
163,1.128160838695445,1.1017858598733141,1.185234058350742,1.0772874757769144,1.1075069794058061,1.1313379355634738,1.1765724599572613,1.130003847408051,1.0871903202819977,1.061571672428866,1.0911447451277914,1.1917613756223588,1.2364131732087573,1.146001088962054,1.1309570753219103,1.1917201917066682,1.1648257523790462,1.1661510474019106,1.074667963280123,1.1776506773997284,1.1665439200196048,1.162011845733795,1.1666408914456303,1.0618145425612195,1.1355171698617386,1.1079678095230243,1.1528138524392932,1.150332854637547,1.1010024376340442,1.105930673414865,1.0820076792510342
164,1.0971776294316966,1.089470106636924,1.180264305285629,1.0582789192875752,1.0918789104151074,1.1088955074527875,1.1218209404749695,1.103078577676299,1.1432382172518243,1.040522333095754,1.0786979301546258,1.1734053171795427,1.2483018207144014,1.1874175173666417,1.1400690297815639,1.1734708604962691,1.1826076230659959,1.1400607545529917,1.0660527814613534,1.1361528538045218,1.1947498840422912,1.1860128634546692,1.1502984943624046,1.0643375630767566,1.1400619500059757,1.165321886708684,1.1583417494613217,1.193055539571397,1.089435082389816,1.1103078649236713,1.09256404125201
165,1.0561517319165934,1.0667478817263576,1.1537980273575097,1.0560043155263366,1.054425406778079,1.089725309099369,1.075889118546818,1.0475100679907103,1.1984746974361205,1.0596797800981057,1.0583802406401805,1.1446030591278384,1.1706869291661937,1.1937246272017492,1.1023280519628074,1.1430439179489986,1.1604126216480433,1.0540435774317307,1.0413868082072277,1.039033084430784,1.1750987087029583,1.169180723294669,1.118762618177239,1.0541474781680538,1.1136514974821232,1.2027932016620853,1.1016531513484267,1.185300653851107,1.0629245389280841,1.067888496556419,1.0596075614742035
166,1.0568270340634993,1.0754750197864267,1.1213040696961507,1.0545699362105994,1.0188383857328924,1.083266399962055,1.0078756032073228,0.9720486416682993,1.1837386990220788,1.054856633130617,1.1259191912901225,1.0900733821794404,1.0961724661247718,1.154673358497836,1.0342530987272442,1.1074166500348268,1.0908953809534059,0.9453132405399668,1.0491899819277677,0.9323343281242421,1.1168874836217497,1.120179412581222,1.0770462162083065,1.031668384645235,1.0615943474564689,1.1943392610852492,1.0192150363950114,1.1288012220597317,1.0214936626274842,1.0105717300884194,1.0192324654202936
167,0.9814972597961225,1.0478027459884618,1.0378526961818768,1.0100016931393117,0.9801551209618276,1.009559966807518,0.9306121605307687,0.9018641579141891,1.0995928648028197,1.012085317607042,1.099909248430372,1.0012900785055288,0.994058692564667,1.019014599375828,0.9697777902558289,1.0435299453106395,1.0032379988108708,0.8590900351608579,0.9971834293315254,0.8436141910987449,1.0258640735316464,1.034965643848211,0.9963759157419936,0.9938295169525178,0.982533093091591,1.1392444480748727,0.9540394511020975,1.051454080398113,0.9739364721564278,0.9339282945445035,0.9712986270788594
